sigungu,터널명
강원도 강릉시,대관령2터널(강릉)
강원도 강릉시,대관령2터널(인천)
강원도 강릉시,대관령3터널(강릉)
강원도 강릉시,대관령3터널(인천)
강원도 강릉시,대관령4터널(인천)
강원도 강릉시,대관령4터널(강릉)
강원도 강릉시,대관령5터널(인천)
강원도 강릉시,대관령5터널(강릉)
강원도 강릉시,대관령6터널(인천)
강원도 강릉시,대관령6터널(강릉)
강원도 강릉시,대관령7터널(강릉)
강원도 강릉시,대관령7터널(인천)
강원도 강릉시,강릉1터널(삼척)
강원도 강릉시,강릉1터널(속초)
강원도 강릉시,강릉2터널(삼척)
강원도 강릉시,강릉2터널(속초)
강원도 강릉시,강릉3터널(삼척)
강원도 강릉시,강릉3터널(속초)
강원도 강릉시,강릉4터널(삼척)
강원도 강릉시,강릉4터널(속초)
강원도 강릉시,강릉5터널(삼척)
강원도 강릉시,강릉5터널(속초)
강원도 강릉시,입암지하차도
강원도 강릉시,대관령2터널(강릉)
강원도 강릉시,대관령2터널(인천)
강원도 강릉시,대관령3터널(강릉)
강원도 강릉시,대관령3터널(인천)
강원도 강릉시,대관령4터널(강릉)
강원도 강릉시,대관령4터널(인천)
강원도 강릉시,대관령5터널(강릉)
강원도 강릉시,대관령5터널(인천)
강원도 강릉시,대관령6터널(강릉)
강원도 강릉시,대관령6터널(인천)
강원도 강릉시,대관령7터널(강릉)
강원도 강릉시,대관령7터널(인천)
강원도 강릉시,강릉1터널(삼척)
강원도 강릉시,강릉1터널(속초)
강원도 강릉시,강릉2터널(삼척)
강원도 강릉시,강릉2터널(속초)
강원도 강릉시,강릉3터널(삼척)
강원도 강릉시,강릉3터널(속초)
강원도 강릉시,강릉4터널(삼척)
강원도 강릉시,강릉4터널(속초)
강원도 강릉시,강릉5터널(삼척)
강원도 강릉시,강릉5터널(속초)
강원도 고성군,미시령터널(상)
강원도 동해시,지가터널(삼척)
강원도 동해시,지가터널(속초)
강원도 동해시,귀운터널(삼척)
강원도 동해시,귀운터널(속초)
강원도 동해시,지흥터널
강원도 동해시,동해터널(삼척)
강원도 동해시,동해터널(속초)
강원도 동해시,귀운터널(삼척)
강원도 동해시,귀운터널(속초)
강원도 동해시,동해터널(삼척)
강원도 동해시,동해터널(속초)
강원도 동해시,지가터널(삼척)
강원도 동해시,지가터널(속초)
강원도 동해시,지흥터널
강원도 삼척시,건의령터널
강원도 삼척시,들입재터널
강원도 삼척시,문의재터널
강원도 삼척시,구사터널
강원도 삼척시,근덕터널(삼척)
강원도 삼척시,근덕터널(속초)
강원도 삼척시,적노터널(속초)
강원도 삼척시,적노터널(삼척)
강원도 삼척시,사직터널(삼척)
강원도 삼척시,사직터널(속초)
강원도 삼척시,남양터널(속초)
강원도 삼척시,남양터널(삼척)
강원도 삼척시,근덕터널(삼척)
강원도 삼척시,근덕터널(속초)
강원도 삼척시,남양터널(삼척)
강원도 삼척시,남양터널(속초)
강원도 삼척시,사직터널(삼척)
강원도 삼척시,사직터널(속초)
강원도 삼척시,적노터널(삼척)
강원도 삼척시,적노터널(속초)
강원도 속초시,청대터널(삼척)
강원도 속초시,청대터널(속초)
강원도 속초시,목우재터널
강원도 속초시,교동지하차도
강원도 속초시,청대터널(삼척)
강원도 속초시,청대터널(속초)
강원도 양구군,월명터널
강원도 양구군,돌산령터널
강원도 양구군,도고터널
강원도 양구군,오천터널
강원도 양구군,양화터널
강원도 양구군,두타연터널
강원도 양구군,상용터널
강원도 양양군,조침령터널
강원도 양양군,서면1터널(서울)
강원도 양양군,서면2터널(서울)
강원도 양양군,서면2터널(양양)
강원도 양양군,서면3터널(서울)
강원도 양양군,서면3터널(양양)
강원도 양양군,서면4터널(서울)
강원도 양양군,서면4터널(양양)
강원도 양양군,서면5터널(서울)
강원도 양양군,서면5터널(양양)
강원도 양양군,서면6터널(서울)
강원도 양양군,서면6터널(양양)
강원도 양양군,서면7터널(서울)
강원도 양양군,서면7터널(양양)
강원도 양양군,현남터널(속초)
강원도 양양군,현남터널(삼척)
강원도 양양군,현북터널(속초)
강원도 양양군,현북터널(삼척)
강원도 양양군,강현1터널(삼척)
강원도 양양군,강현1터널(속초)
강원도 양양군,강현2터널(삼척)
강원도 양양군,강현2터널(속초)
강원도 양양군,양양1터널(삼척)
강원도 양양군,양양1터널(속초)
강원도 양양군,양양2터널(삼척)
강원도 양양군,양양2터널(속초)
강원도 양양군,양양읍성터널
강원도 양양군,서면1터널(서울)
강원도 양양군,서면2터널(서울)
강원도 양양군,서면2터널(양양)
강원도 양양군,서면3터널(서울)
강원도 양양군,서면3터널(양양)
강원도 양양군,서면4터널(서울)
강원도 양양군,서면4터널(양양)
강원도 양양군,서면5터널(서울)
강원도 양양군,서면5터널(양양)
강원도 양양군,서면6터널(서울)
강원도 양양군,서면6터널(양양)
강원도 양양군,서면7터널(서울)
강원도 양양군,서면7터널(양양)
강원도 양양군,강현1터널(삼척)
강원도 양양군,강현1터널(속초)
강원도 양양군,강현2터널(삼척)
강원도 양양군,강현2터널(속초)
강원도 양양군,양양1터널(삼척)
강원도 양양군,양양1터널(속초)
강원도 양양군,양양2터널(삼척)
강원도 양양군,양양2터널(속초)
강원도 양양군,현남터널(삼척)
강원도 양양군,현남터널(속초)
강원도 양양군,현북터널(삼척)
강원도 양양군,현북터널(속초)
강원도 영월군,덕상터널
강원도 영월군,배일치터널
강원도 영월군,솔치터널
강원도 영월군,청령포터널
강원도 영월군,와석재터널
강원도 영월군,팔괴터널(상)
강원도 영월군,팔괴터널(하)
강원도 영월군,고일재터널
강원도 영월군,용석터널
강원도 영월군,동강터널
강원도 영월군,문산터널
강원도 원주시,신림터널
강원도 원주시,반곡지하차도
강원도 원주시,행구지하차도
강원도 원주시,지정1터널(상행)
강원도 원주시,지정2터널(상행)
강원도 원주시,지정2터널(하행)
강원도 원주시,지정3터널(하행)
강원도 원주시,지정3터널(상행)
강원도 원주시,매봉터널(하행)
강원도 원주시,매봉터널(상행)
강원도 원주시,만종터널(부산)
강원도 원주시,만종터널(춘천)
강원도 원주시,치악1터널(춘천)
강원도 원주시,치악2터널(부산)
강원도 원주시,치악2터널(춘천)
강원도 원주시,치악3터널(부산)
강원도 원주시,치악3터널(춘천)
강원도 원주시,치악4터널(부산)
강원도 원주시,치악4터널(춘천)
강원도 원주시,금대1터널(부산)
강원도 원주시,금대1터널(춘천)
강원도 원주시,금대2터널(부산)
강원도 원주시,금대2터널(춘천)
강원도 원주시,단계지하차도
강원도 원주시,봉화산터널(대명방향)
강원도 원주시,봉화산터널(시청방향)
강원도 원주시,매봉터널(상행)
강원도 원주시,매봉터널(하행)
강원도 원주시,지정1터널(상행)
강원도 원주시,지정2터널(상행)
강원도 원주시,지정2터널(하행)
강원도 원주시,지정3터널(상행)
강원도 원주시,지정3터널(하행)
강원도 원주시,금대1터널(부산)
강원도 원주시,금대1터널(춘천)
강원도 원주시,금대2터널(부산)
강원도 원주시,금대2터널(춘천)
강원도 원주시,만종터널(부산)
강원도 원주시,만종터널(춘천)
강원도 원주시,치악1터널(춘천)
강원도 원주시,치악2터널(부산)
강원도 원주시,치악2터널(춘천)
강원도 원주시,치악3터널(부산)
강원도 원주시,치악3터널(춘천)
강원도 원주시,치악4터널(부산)
강원도 원주시,치악4터널(춘천)
강원도 인제군,미시령터널(하)
강원도 인제군,기린1터널(서울)
강원도 인제군,기린1터널(양양)
강원도 인제군,기린2터널(서울)
강원도 인제군,기린2터널(양양)
강원도 인제군,기린3터널(서울)
강원도 인제군,기린3터널(양양)
강원도 인제군,기린4터널(서울)
강원도 인제군,기린4터널(양양)
강원도 인제군,기린5터널(서울)
강원도 인제군,기린5터널(양양)
강원도 인제군,기린6터널(서울)
강원도 인제군,기린6터널(양양)
강원도 인제군,상남1터널(서울)
강원도 인제군,상남1터널(양양)
강원도 인제군,상남2터널(서울)
강원도 인제군,상남2터널(양양)
강원도 인제군,상남3터널(서울)
강원도 인제군,상남3터널(양양)
강원도 인제군,상남4터널(서울)
강원도 인제군,상남4터널(양양)
강원도 인제군,상남5터널(서울)
강원도 인제군,상남5터널(양양)
강원도 인제군,상남6터널(서울)
강원도 인제군,상남6터널(양양)
강원도 인제군,상남7터널(서울)
강원도 인제군,상남7터널(양양)
강원도 인제군,인제양양터널(서울)
강원도 인제군,인제양양터널(양양)
강원도 인제군,기린1터널(서울)
강원도 인제군,기린1터널(양양)
강원도 인제군,기린2터널(서울)
강원도 인제군,기린2터널(양양)
강원도 인제군,기린3터널(서울)
강원도 인제군,기린3터널(양양)
강원도 인제군,기린4터널(서울)
강원도 인제군,기린4터널(양양)
강원도 인제군,기린5터널(서울)
강원도 인제군,기린5터널(양양)
강원도 인제군,기린6터널(서울)
강원도 인제군,기린6터널(양양)
강원도 인제군,상남1터널(서울)
강원도 인제군,상남1터널(양양)
강원도 인제군,상남2터널(서울)
강원도 인제군,상남2터널(양양)
강원도 인제군,상남3터널(서울)
강원도 인제군,상남3터널(양양)
강원도 인제군,상남4터널(서울)
강원도 인제군,상남4터널(양양)
강원도 인제군,상남5터널(서울)
강원도 인제군,상남5터널(양양)
강원도 인제군,상남6터널(서울)
강원도 인제군,상남6터널(양양)
강원도 인제군,상남7터널(서울)
강원도 인제군,상남7터널(양양)
강원도 인제군,인제양양터널(서울)
강원도 인제군,인제양양터널(양양)
강원도 정선군,노나무재터널
강원도 철원군,신술터널
강원도 철원군,문혜지하차도
강원도 철원군,(구)용화터널
강원도 춘천시,덕만이터널(상)
강원도 춘천시,덕만이터널(하)
강원도 춘천시,신매터널(상행)
강원도 춘천시,신매터널(하행)
강원도 춘천시,소주터널
강원도 춘천시,강촌터널
강원도 춘천시,새밑터널
강원도 춘천시,부다리터널
강원도 춘천시,원무1터널(부산)
강원도 춘천시,원무1터널(춘천)
강원도 춘천시,원무2터널(부산)
강원도 춘천시,원무2터널(춘천)
강원도 춘천시,원창터널(부산)
강원도 춘천시,원창터널(춘천)
강원도 춘천시,발산1터널(서울)
강원도 춘천시,발산1터널(양양)
강원도 춘천시,발산2터널(서울)
강원도 춘천시,발산2터널(양양)
강원도 춘천시,발산3터널(서울)
강원도 춘천시,발산3터널(양양)
강원도 춘천시,발산4터널(서울)
강원도 춘천시,발산4터널(양양)
강원도 춘천시,추곡터널(서울)
강원도 춘천시,추곡터널(양양)
강원도 춘천시,행촌터널(양양)
강원도 춘천시,행촌터널(서울)
강원도 춘천시,광판터널(양양)
강원도 춘천시,광판터널(서울)
강원도 춘천시,군자1터널(서울)
강원도 춘천시,군자1터널(양양)
강원도 춘천시,군자2터널(양양)
강원도 춘천시,군자2터널(서울)
강원도 춘천시,동산1터널(양양)
강원도 춘천시,동산1터널(서울)
강원도 춘천시,동산2터널(서울)
강원도 춘천시,동산2터널(양양)
강원도 춘천시,북방1터널(양양)
강원도 춘천시,북방1터널(서울)
강원도 춘천시,춘천역 지하차도
강원도 춘천시,종자터널
강원도 춘천시,원무1터널(부산)
강원도 춘천시,원무1터널(춘천)
강원도 춘천시,원무2터널(부산)
강원도 춘천시,원무2터널(춘천)
강원도 춘천시,원창터널(부산)
강원도 춘천시,원창터널(춘천)
강원도 춘천시,광판터널(서울)
강원도 춘천시,광판터널(양양)
강원도 춘천시,군자1터널(서울)
강원도 춘천시,군자1터널(양양)
강원도 춘천시,군자2터널(서울)
강원도 춘천시,군자2터널(양양)
강원도 춘천시,동산1터널(서울)
강원도 춘천시,동산1터널(양양)
강원도 춘천시,동산2터널(서울)
강원도 춘천시,동산2터널(양양)
강원도 춘천시,발산1터널(서울)
강원도 춘천시,발산1터널(양양)
강원도 춘천시,발산2터널(서울)
강원도 춘천시,발산2터널(양양)
강원도 춘천시,발산3터널(서울)
강원도 춘천시,발산3터널(양양)
강원도 춘천시,발산4터널(서울)
강원도 춘천시,발산4터널(양양)
강원도 춘천시,북방1터널(서울)
강원도 춘천시,북방1터널(양양)
강원도 춘천시,추곡터널(서울)
강원도 춘천시,추곡터널(양양)
강원도 춘천시,행촌터널(서울)
강원도 춘천시,행촌터널(양양)
강원도 태백시,동점터널
강원도 태백시,장성터널
강원도 태백시,절골지하차도
강원도 평창군,영동2터널
강원도 평창군,밤재터널
강원도 평창군,보래령터널
강원도 평창군,봉평터널(인천)
강원도 평창군,봉평터널(강릉)
강원도 평창군,진부1터널(강릉)
강원도 평창군,진부1터널(인천)
강원도 평창군,진부2터널(강릉)
강원도 평창군,진부2터널(인천)
강원도 평창군,진부3터널(인천)
강원도 평창군,진부3터널(강릉)
강원도 평창군,대관령1터널(강릉)
강원도 평창군,대관령1터널(인천)
강원도 평창군,영동제1터널
강원도 평창군,모릿재터널
강원도 평창군,덧개수터널
강원도 평창군,기화터널
강원도 평창군,병두터널
강원도 평창군,유천터널
강원도 평창군,용산터널
강원도 평창군,대관령1터널(강릉)
강원도 평창군,대관령1터널(인천)
강원도 평창군,봉평터널(강릉)
강원도 평창군,봉평터널(인천)
강원도 평창군,진부1터널(강릉)
강원도 평창군,진부1터널(인천)
강원도 평창군,진부2터널(강릉)
강원도 평창군,진부2터널(인천)
강원도 평창군,진부3터널(강릉)
강원도 평창군,진부3터널(인천)
강원도 홍천군,잣방산터널
강원도 홍천군,오룡터널
강원도 홍천군,지르매재터널
강원도 홍천군,백양치터널
강원도 홍천군,남산터널(부산)
강원도 홍천군,남산터널(춘천)
강원도 홍천군,굴지터널(부산)
강원도 홍천군,굴지터널(춘천)
강원도 홍천군,마곡터널(서울)
강원도 홍천군,마곡터널(양양)
강원도 홍천군,북방2터널(양양)
강원도 홍천군,북방2터널(서울)
강원도 홍천군,북방3터널(양양)
강원도 홍천군,북방3터널(서울)
강원도 홍천군,화촌1터널(양양)
강원도 홍천군,화촌1터널(서울)
강원도 홍천군,화촌2터널(양양)
강원도 홍천군,화촌2터널(서울)
강원도 홍천군,화촌3터널(양양)
강원도 홍천군,화촌3터널(서울)
강원도 홍천군,화촌4터널(서울)
강원도 홍천군,화촌4터널(양양)
강원도 홍천군,화촌5터널(서울)
강원도 홍천군,화촌5터널(양양)
강원도 홍천군,화촌6터널(양양)
강원도 홍천군,화촌6터널(서울)
강원도 홍천군,화촌7터널(양양)
강원도 홍천군,화촌7터널(서울)
강원도 홍천군,화촌8터널(양양)
강원도 홍천군,화촌8터널(서울)
강원도 홍천군,화촌9터널(서울)
강원도 홍천군,화촌9터널(양양)
강원도 홍천군,내촌1터널(양양)
강원도 홍천군,내촌1터널(서울)
강원도 홍천군,내촌2터널(서울)
강원도 홍천군,내촌2터널(양양)
강원도 홍천군,내촌3터널(서울)
강원도 홍천군,내촌3터널(양양)
강원도 홍천군,내촌4터널(서울)
강원도 홍천군,내촌4터널(양양)
강원도 홍천군,내촌5터널(서울)
강원도 홍천군,내촌5터널(양양)
강원도 홍천군,서석터널(서울)
강원도 홍천군,서석터널(양양)
강원도 홍천군,행치령터널(서울)
강원도 홍천군,행치령터널(양양)
강원도 홍천군,굴지터널(부산)
강원도 홍천군,굴지터널(춘천)
강원도 홍천군,남산터널(부산)
강원도 홍천군,남산터널(춘천)
강원도 홍천군,내촌1터널(서울)
강원도 홍천군,내촌1터널(양양)
강원도 홍천군,내촌2터널(서울)
강원도 홍천군,내촌2터널(양양)
강원도 홍천군,내촌3터널(서울)
강원도 홍천군,내촌3터널(양양)
강원도 홍천군,내촌4터널(서울)
강원도 홍천군,내촌4터널(양양)
강원도 홍천군,내촌5터널(서울)
강원도 홍천군,내촌5터널(양양)
강원도 홍천군,마곡터널(서울)
강원도 홍천군,마곡터널(양양)
강원도 홍천군,북방2터널(서울)
강원도 홍천군,북방2터널(양양)
강원도 홍천군,북방3터널(서울)
강원도 홍천군,북방3터널(양양)
강원도 홍천군,서석터널(서울)
강원도 홍천군,서석터널(양양)
강원도 홍천군,행치령터널(서울)
강원도 홍천군,행치령터널(양양)
강원도 홍천군,화촌1터널(서울)
강원도 홍천군,화촌1터널(양양)
강원도 홍천군,화촌2터널(서울)
강원도 홍천군,화촌2터널(양양)
강원도 홍천군,화촌3터널(서울)
강원도 홍천군,화촌3터널(양양)
강원도 홍천군,화촌4터널(서울)
강원도 홍천군,화촌4터널(양양)
강원도 홍천군,화촌5터널(서울)
강원도 홍천군,화촌5터널(양양)
강원도 홍천군,화촌6터널(서울)
강원도 홍천군,화촌6터널(양양)
강원도 홍천군,화촌7터널(서울)
강원도 홍천군,화촌7터널(양양)
강원도 홍천군,화촌8터널(서울)
강원도 홍천군,화촌8터널(양양)
강원도 홍천군,화촌9터널(서울)
강원도 홍천군,화촌9터널(양양)
강원도 화천군,대붕터널
강원도 화천군,재안터널
강원도 화천군,평화터널
강원도 화천군,해산터널
강원도 화천군,숙고개터널
강원도 화천군,하오터널
강원도 화천군,산수화터널
강원도 횡성군,둔내터널(강릉)
강원도 횡성군,둔내터널(인천)
강원도 횡성군,횡성터널(부산)
강원도 횡성군,횡성터널(춘천)
강원도 횡성군,공근터널(부산)
강원도 횡성군,공근터널(춘천)
강원도 횡성군,삼마치터널(부산)
강원도 횡성군,삼마치터널(춘천)
강원도 횡성군,영동 제1터널
강원도 횡성군,둔내터널(강릉)
강원도 횡성군,둔내터널(인천)
강원도 횡성군,공근터널(부산)
강원도 횡성군,공근터널(춘천)
강원도 횡성군,삼마치터널(부산)
강원도 횡성군,삼마치터널(춘천)
강원도 횡성군,횡성터널(부산)
강원도 횡성군,횡성터널(춘천)
경기도 가평군,대성터널
경기도 가평군,화악터널
경기도 가평군,이천터널(서울)
경기도 가평군,천안터널(서울)
경기도 가평군,천안터널(양양)
경기도 가평군,엄소터널(서울)
경기도 가평군,엄소터널(양양)
경기도 가평군,창의터널(서울)
경기도 가평군,창의터널(양양)
경기도 가평군,송산터널(서울)
경기도 가평군,송산터널(양양)
경기도 가평군,미사터널(서울)
경기도 가평군,미사터널(양양)
경기도 가평군,미사터널(서울)
경기도 가평군,미사터널(양양)
경기도 가평군,송산터널(서울)
경기도 가평군,송산터널(양양)
경기도 가평군,엄소터널(서울)
경기도 가평군,엄소터널(양양)
경기도 가평군,이천터널(서울)
경기도 가평군,창의터널(서울)
경기도 가평군,창의터널(양양)
경기도 가평군,천안터널(서울)
경기도 가평군,천안터널(양양)
경기도 고양시 덕양구,원당지하차도
경기도 고양시 덕양구,원당지하차도
경기도 고양시 덕양구,신평IC지하차도
경기도 고양시 덕양구,신평IC지하차도
경기도 고양시 덕양구,신원지하차도
경기도 고양시 덕양구,봉대산터널(서울)
경기도 고양시 덕양구,봉대산터널(문산)
경기도 고양시 덕양구,성라산터널(서울)
경기도 고양시 덕양구,성라산터널(문산)
경기도 고양시 덕양구,강매지하차도
경기도 고양시 덕양구,내곡지하차도
경기도 고양시 덕양구,능곡지하차도
경기도 고양시 덕양구,서오릉지하차도
경기도 고양시 덕양구,성사주교지하차도
경기도 고양시 덕양구,신원지하차도
경기도 고양시 덕양구,행신지하차도(본체 및 종점부)
경기도 고양시 덕양구,행신지하차도(시점부)
경기도 고양시 덕양구,화전지하차도(항공대)
경기도 고양시 덕양구,내곡지하차도
경기도 고양시 덕양구,강매지하차도
경기도 고양시 덕양구,서오릉지하차도
경기도 고양시 덕양구,능곡지하차도
경기도 고양시 덕양구,성사주교지하차도
경기도 고양시 덕양구,화전지하차도(항공대)
경기도 고양시 덕양구,화전역지하차도
경기도 고양시 덕양구,봉대산 지하차도
경기도 고양시 덕양구,봉대산터널(문산)
경기도 고양시 덕양구,봉대산터널(서울)
경기도 고양시 덕양구,성라산터널(문산)
경기도 고양시 덕양구,성라산터널(서울)
경기도 고양시 덕양구,벽제지하차도(문산)
경기도 고양시 덕양구,벽제지하차도(서울)
경기도 고양시 일산동구,한류월드IC지하차도
경기도 고양시 일산동구,한류월드IC지하차도
경기도 고양시 일산동구,견달산터널(서울)
경기도 고양시 일산동구,견달산터널(문산)
경기도 고양시 일산동구,강촌로지하차도
경기도 고양시 일산동구,백마지하차도
경기도 고양시 일산동구,장항지하차도
경기도 고양시 일산동구,풍산지하차도
경기도 고양시 일산동구,백마지하차도
경기도 고양시 일산동구,강촌로지하차도
경기도 고양시 일산동구,풍산지하차도
경기도 고양시 일산동구,장항지하차도
경기도 고양시 일산동구,동골지하차도
경기도 고양시 일산동구,견달산터널(문산)
경기도 고양시 일산동구,견달산터널(서울)
경기도 고양시 일산서구,구산지하차도
경기도 고양시 일산서구,일산지하차도
경기도 고양시 일산서구,법곳지하차도
경기도 고양시 일산서구,법곳지하차도
경기도 고양시 일산서구,동패지하차도
경기도 고양시 일산서구,킨텍스 지하차도
경기도 고양시 일산서구,동패지하차도
경기도 고양시 일산서구,킨텍스 지하차도
경기도 고양시 일산서구,탄현지하차도
경기도 과천시,과천터널(상)
경기도 과천시,과천터널(하)
경기도 과천시,과천신터널(상)
경기도 과천시,과천신터널(하)
경기도 과천시,상아벌지하차도
경기도 과천시,남태령지하차도
경기도 과천시,관문지하차도
경기도 과천시,찬우물지하보차도
경기도 광명시,성채터널(광명)
경기도 광명시,성채터널(수원)
경기도 광명시,광명터널(성남)
경기도 광명시,광명터널(인천)
경기도 광명시,가림터널
경기도 광명시,서독터널(상)
경기도 광명시,가학삼거리 통로BOX
경기도 광명시,광명IC지하차도
경기도 광명시,광명지하차도
경기도 광명시,구석마을 통로BOX
경기도 광명시,능촌지하차도
경기도 광명시,뒷골1 통로BOX
경기도 광명시,뒷골2 통로BOX
경기도 광명시,뒷골3 통로BOX
경기도 광명시,식곡1통로박스
경기도 광명시,식곡2 통로박스
경기도 광명시,식곡3통로박스
경기도 광명시,애기능 통로박스
경기도 광명시,양지교차로 통로BOX(오리로)
경기도 광명시,양지교차로2 통로BOX
경기도 광명시,옥길 통로박스
경기도 광명시,이주단지 앞 통로BOX
경기도 광명시,철산지하차도
경기도 광명시,덕안터널
경기도 광명시,서독터널(하)
경기도 광명시,구름산터널(하)
경기도 광명시,구름산터널(상)
경기도 광명시,성채터널(광명)
경기도 광명시,성채터널(수원)
경기도 광명시,소하지하차도
경기도 광명시,광명터널(성남)
경기도 광명시,광명터널(인천)
경기도 광주시,오포터널
경기도 광주시,진우터널
경기도 광주시,이배재터널(성남방향)
경기도 광주시,산성터널
경기도 광주시,중부3터널(남이)
경기도 광주시,중부3터널(하남)
경기도 광주시,중부2터널(남이)
경기도 광주시,중부2터널(하남)
경기도 광주시,중부1터널(남이)
경기도 광주시,중부1터널(하남)
경기도 광주시,하번천터널(이천)
경기도 광주시,하번천터널(하남)
경기도 광주시,광지원터널(이천)
경기도 광주시,광지원터널(하남)
경기도 광주시,초월터널(상)
경기도 광주시,초월터널(하)
경기도 광주시,곤지암1터널(상)
경기도 광주시,곤지암1터널(하)
경기도 광주시,곤지암2터널(상)
경기도 광주시,곤지암2터널(하)
경기도 광주시,곤지암3터널(하)
경기도 광주시,곤지암3터널(상)
경기도 광주시,밀목지하보행로
경기도 광주시,중부1터널(남이)
경기도 광주시,중부1터널(하남)
경기도 광주시,중부2터널(남이)
경기도 광주시,중부2터널(하남)
경기도 광주시,중부3터널(남이)
경기도 광주시,중부3터널(하남)
경기도 광주시,광지원터널(이천)
경기도 광주시,광지원터널(하남)
경기도 광주시,하번천터널(이천)
경기도 광주시,하번천터널(하남)
경기도 광주시,곤지암1터널(상)
경기도 광주시,곤지암1터널(하)
경기도 광주시,곤지암2터널(상)
경기도 광주시,곤지암2터널(하)
경기도 광주시,곤지암3터널(상)
경기도 광주시,곤지암3터널(하)
경기도 광주시,초월터널(상)
경기도 광주시,초월터널(하)
경기도 구리시,구리터널(포천)
경기도 구리시,갈매지하차도
경기도 구리시,구리터널(포천)
경기도 구리시,중랑IC2지하차도
경기도 군포시,대야지하차도
경기도 군포시,삼성지하차도
경기도 군포시,순산터널(목포)
경기도 군포시,순산터널(서울)
경기도 군포시,구봉산터널(광명)
경기도 군포시,수리산1터널(광명)
경기도 군포시,수리산1터널(수원)
경기도 군포시,구봉산터널(수원)
경기도 군포시,수리산2터널(광명)
경기도 군포시,수리터널(일산)
경기도 군포시,수리터널(판교)
경기도 군포시,금당터널(상)
경기도 군포시,금당터널(하)
경기도 군포시,능내터널
경기도 군포시,도장터널(상)
경기도 군포시,당말지하차도
경기도 군포시,당동 지하차도
경기도 군포시,당정지하차도
경기도 군포시,도랫말지하차도
경기도 군포시,복합물류지하차도(군포)
경기도 군포시,도장터널(하)
경기도 군포시,삼성녹화터널
경기도 군포시,송부터널
경기도 군포시,순산터널(목포)
경기도 군포시,순산터널(서울)
경기도 군포시,구봉산터널(광명)
경기도 군포시,구봉산터널(수원)
경기도 군포시,수리산1터널(광명)
경기도 군포시,수리산1터널(수원)
경기도 군포시,수리산2터널(광명)
경기도 군포시,수리터널(일산)
경기도 군포시,수리터널(판교)
경기도 김포시,나진지하차도
경기도 김포시,운양지하차도
경기도 김포시,마송지하차도
경기도 김포시,수안산터널(인천)
경기도 김포시,수안산터널(김포)
경기도 김포시,북변터널
경기도 김포시,운양2지하차도
경기도 김포시,장기지하차도1
경기도 김포시,장기지하차도2
경기도 김포시,풍무터널
경기도 김포시,수안산터널(김포)
경기도 김포시,수안산터널(인천)
경기도 남양주시,동연평지하차도
경기도 남양주시,용신지하차도
경기도 남양주시,용정2교(지하차도)
경기도 남양주시,양정역 철도통로
경기도 남양주시,남양주터널(포천)
경기도 남양주시,남양주터널(구리)
경기도 남양주시,월문2터널(양양)
경기도 남양주시,월문1터널(서울)
경기도 남양주시,월문1터널(양양)
경기도 남양주시,월문2터널
경기도 남양주시,월문3터널(양양)
경기도 남양주시,월문3터널(서울)
경기도 남양주시,금남터널(양양)
경기도 남양주시,금남터널(서울)
경기도 남양주시,불암산터널(일산)
경기도 남양주시,마치터널(상)
경기도 남양주시,마치터널(하)
경기도 남양주시,덕송지하차도
경기도 남양주시,별내지하차도
경기도 남양주시,삼패동물이동통로
경기도 남양주시,평내지하차도
경기도 남양주시,호평지하차도
경기도 남양주시,화접지하차도
경기도 남양주시,덕릉터널
경기도 남양주시,백봉터널
경기도 남양주시,뱅이터널(별내방향)
경기도 남양주시,뱅이터널(사능방향)
경기도 남양주시,퇴계원터널
경기도 남양주시,남양주터널(구리)
경기도 남양주시,남양주터널(포천)
경기도 남양주시,청학지하차도(구리)
경기도 남양주시,청학지하차도(포천)
경기도 남양주시,금남터널(서울)
경기도 남양주시,금남터널(양양)
경기도 남양주시,월문1터널(서울)
경기도 남양주시,월문1터널(양양)
경기도 남양주시,월문2터널
경기도 남양주시,월문2터널(양양)
경기도 남양주시,월문3터널(서울)
경기도 남양주시,월문3터널(양양)
경기도 남양주시,불암산터널(일산)
경기도 동두천시,탑동터널(동두천방향)
경기도 동두천시,탑동터널(포천방향)
경기도 동두천시,왕방터널
경기도 동두천시,왕방터널(포천방향)
경기도 부천시,고강지하차도
경기도 부천시,당아래지하차도
경기도 부천시,동남지하차도
경기도 부천시,상동지하차도
경기도 부천시,소명지하차도
경기도 부천시,송내지하차도
경기도 부천시,역곡지하차도
경기도 부천시,오정휴먼시아 지하차도
경기도 부천시,작동터널
경기도 부천시,범박터널
경기도 부천시,까치울터널
경기도 성남시 분당구,금곡IC지하차도
경기도 성남시 분당구,화랑지하차도
경기도 성남시 분당구,낙원지하차도
경기도 성남시 분당구,두밀지하차도
경기도 성남시 분당구,하산운지하차도
경기도 성남시 분당구,광장지하차도
경기도 성남시 분당구,동원터널(상)
경기도 성남시 분당구,동원터널(하)
경기도 성남시 분당구,판교IC터널
경기도 성남시 분당구,삼평터널
경기도 성남시 분당구,청계산3터널(안양)
경기도 성남시 분당구,청계산4터널(성남)
경기도 성남시 분당구,청계산4터널(안양)
경기도 성남시 분당구,하산운터널(상행)
경기도 성남시 분당구,하산운터널(하행)
경기도 성남시 분당구,운중터널
경기도 성남시 분당구,돌마1터널
경기도 성남시 분당구,돌마2터널(상)
경기도 성남시 분당구,돌마2터널(하)
경기도 성남시 분당구,동막지하차도
경기도 성남시 분당구,벌말지하차도
경기도 성남시 분당구,서현지하차도
경기도 성남시 분당구,돌마지하차도
경기도 성남시 분당구,정자지하차도
경기도 성남시 분당구,매송지하차도
경기도 성남시 분당구,안말지하차도
경기도 성남시 분당구,이매지하차도
경기도 성남시 분당구,하탑지하차도
경기도 성남시 분당구,수내지하차도
경기도 성남시 분당구,초림지하차도
경기도 성남시 분당구,백현지하차도
경기도 성남시 분당구,낙생지하차도
경기도 성남시 분당구,백현우회지하차도
경기도 성남시 분당구,성내미터널(분당)
경기도 성남시 분당구,성내미터널(안양)
경기도 성남시 분당구,성내미터널(분당방면)
경기도 성남시 분당구,성내미터널(안양방면)
경기도 성남시 분당구,운중터널
경기도 성남시 분당구,서판교터널 (서편교방향)
경기도 성남시 분당구,서판교터널 (대장동방향)
경기도 성남시 분당구,삼평터널
경기도 성남시 분당구,
경기도 성남시 분당구,판교IC터널
경기도 성남시 분당구,
경기도 성남시 분당구,청계산3터널(안양)
경기도 성남시 분당구,청계산4터널(성남)
경기도 성남시 분당구,청계산4터널(안양)
경기도 성남시 분당구,하산운터널(상행)
경기도 성남시 분당구,하산운터널(하행)
경기도 성남시 수정구,POL지하차도
경기도 성남시 수정구,영외지하차도
경기도 성남시 수정구,운중터널(서울)
경기도 성남시 수정구,운중터널(용인)
경기도 성남시 수정구,고산터널(서울)
경기도 성남시 수정구,고산터널(용인)
경기도 성남시 수정구,고등터널(서울)
경기도 성남시 수정구,고등터널(용인)
경기도 성남시 수정구,심곡터널(서울)
경기도 성남시 수정구,심곡터널(용인)
경기도 성남시 수정구,내곡터널(상)
경기도 성남시 수정구,내곡터널(하)
경기도 성남시 수정구,사송지하차도
경기도 성남시 수정구,시흥지하차도
경기도 성남시 수정구,태평지하차도(1)
경기도 성남시 수정구,태평지하차도(2)
경기도 성남시 수정구,숲풍지하차도
경기도 성남시 수정구,송현지하차도
경기도 성남시 수정구,영장산터널
경기도 성남시 수정구,동판교IC 지하차도
경기도 성남시 수정구,여수지하차도
경기도 성남시 수정구,고등터널(서울)
경기도 성남시 수정구,고등터널(용인)
경기도 성남시 수정구,고산터널(서울)
경기도 성남시 수정구,고산터널(용인)
경기도 성남시 수정구,심곡터널(서울)
경기도 성남시 수정구,심곡터널(용인)
경기도 성남시 수정구,운중터널(서울)
경기도 성남시 수정구,운중터널(용인)
경기도 성남시 중원구,상대원터널(광주방향)
경기도 성남시 중원구,상대원터널(성남방향)
경기도 성남시 중원구,이배재터널(광주방향)
경기도 성남시 중원구,산성터널
경기도 성남시 중원구,여수지하차도(상행)
경기도 성남시 중원구,여수지하차도(하행)
경기도 성남시 중원구,갈마터널(상)
경기도 성남시 중원구,갈마터널(하)
경기도 성남시 중원구,공원터널(상)
경기도 성남시 중원구,공원터널(하)
경기도 성남시 중원구,대원터널(상)
경기도 성남시 중원구,대원터널(하)
경기도 성남시 중원구,황송터널(상)
경기도 성남시 중원구,황송터널(하)
경기도 성남시 중원구,도촌지하차도
경기도 성남시 중원구,대원지하차도
경기도 성남시 중원구,둔촌터널(상)
경기도 성남시 중원구,둔촌터널(하)
경기도 성남시 중원구,둔촌터널
경기도 수원시 권선구,세평지하차도
경기도 수원시 권선구,효원지하차도
경기도 수원시 권선구,호매실지하차도
경기도 수원시 권선구,새터지하차도
경기도 수원시 권선구,대황교지하차도
경기도 수원시 권선구,일월지하차도
경기도 수원시 권선구,고색지하차도
경기도 수원시 권선구,고향의봄길지하차도
경기도 수원시 권선구,탑동지하차도
경기도 수원시 권선구,세류지하차도
경기도 수원시 권선구,서둔지하차도
경기도 수원시 권선구,하유지하차도
경기도 수원시 권선구,권선지하차도
경기도 수원시 권선구,상구운지하차도
경기도 수원시 권선구,금곡지하차도
경기도 수원시 영통구,망포지하차도
경기도 수원시 영통구,길마재터널(서울)
경기도 수원시 영통구,길마재터널(용인)
경기도 수원시 영통구,원천지하차도
경기도 수원시 영통구,매여울지하차도
경기도 수원시 영통구,법원지하차도
경기도 수원시 영통구,진고개통로
경기도 수원시 영통구,이의1교지하차도
경기도 수원시 영통구,당암지하차도
경기도 수원시 영통구,동수원IC지하차도
경기도 수원시 영통구,의상교지하차도
경기도 수원시 영통구,광교중앙(아주대)역 환승센터 지하차도
경기도 수원시 영통구,하동IC램프2
경기도 수원시 영통구,신대지하차도
경기도 수원시 영통구,금광 지하차도
경기도 수원시 영통구,길마재터널(서울)
경기도 수원시 영통구,길마재터널(용인)
경기도 수원시 영통구,동역 지하차도
경기도 수원시 영통구,신대 지하차도
경기도 수원시 영통구,여수내 지하차도
경기도 수원시 장안구,창룡문지하차도
경기도 수원시 장안구,장안지하차도
경기도 수원시 장안구,광교터널(강릉0)
경기도 수원시 장안구,광교터널(인천0)
경기도 수원시 장안구,광교터널(인천1)
경기도 수원시 장안구,광교터널(강릉1)
경기도 수원시 장안구,밤꽃지하차도
경기도 수원시 장안구,밤밭지하차도
경기도 수원시 장안구,성대역지하차도
경기도 수원시 장안구,이목지하차도
경기도 수원시 장안구,율전지하차도
경기도 수원시 장안구,영생지하차도
경기도 수원시 장안구,대유평 지하차도
경기도 수원시 장안구,광교터널(강릉0)
경기도 수원시 장안구,광교터널(강릉1)
경기도 수원시 장안구,광교터널(인천0)
경기도 수원시 장안구,광교터널(인천1)
경기도 수원시 팔달구,정천지하차도
경기도 수원시 팔달구,화서지하차도
경기도 수원시 팔달구,화산지하차도
경기도 시흥시,연성지하차도(상행)
경기도 시흥시,연성지하차도(하행)
경기도 시흥시,도리터널(상)
경기도 시흥시,도리터널(하)
경기도 시흥시,수리산3터널(수원)
경기도 시흥시,소래터널(판교)
경기도 시흥시,소래터널(일산)
경기도 시흥시,목감지하차도
경기도 시흥시,배곧신도시 지하차도
경기도 시흥시,정왕지하차도
경기도 시흥시,논곡지하차도
경기도 시흥시,도창지하차도
경기도 시흥시,수리산3터널(수원)
경기도 시흥시,소래터널(일산)
경기도 시흥시,소래터널(판교)
경기도 안산시 단원구,원곡지하차도
경기도 안산시 단원구,별망지하차도
경기도 안산시 단원구,신길지하차도
경기도 안산시 단원구,중앙지하차도
경기도 안산시 단원구,초지역지하차도
경기도 안산시 단원구,안산역 지하차도
경기도 안산시 상록구,용담터널(목포)
경기도 안산시 상록구,용담터널(서울)
경기도 안산시 상록구,팔곡터널(목포)
경기도 안산시 상록구,팔곡터널(서울)
경기도 안산시 상록구,수리산2터널(수원)
경기도 안산시 상록구,수리산3터널(광명)
경기도 안산시 상록구,반월터널(인천)
경기도 안산시 상록구,반월터널(강릉1)
경기도 안산시 상록구,반월터널(강릉0)
경기도 안산시 상록구,수암터널(판교)
경기도 안산시 상록구,호수공원지하차도
경기도 안산시 상록구,본오지하차도
경기도 안산시 상록구,팔곡지하차도
경기도 안산시 상록구,각골지하차도
경기도 안산시 상록구,수인선지하차도
경기도 안산시 상록구,용담터널(목포)
경기도 안산시 상록구,용담터널(서울)
경기도 안산시 상록구,팔곡터널(목포)
경기도 안산시 상록구,팔곡터널(서울)
경기도 안산시 상록구,수리산2터널(수원)
경기도 안산시 상록구,수리산3터널(광명)
경기도 안산시 상록구,반월터널(강릉0)
경기도 안산시 상록구,반월터널(강릉1)
경기도 안산시 상록구,반월터널(인천)
경기도 안산시 상록구,수암터널(판교)
경기도 안성시,고은지하차도
경기도 안성시,고은터널
경기도 안성시,반제터널(평택)
경기도 안성시,반제터널(제천)
경기도 안성시,금광1터널(제천)
경기도 안성시,금광1터널(평택)
경기도 안성시,금광2터널(제천)
경기도 안성시,금광2터널(평택)
경기도 안성시,금광3터널(평택)
경기도 안성시,금광3터널(제천)
경기도 안성시,안진터널(평택)
경기도 안성시,안진터널(제천)
경기도 안성시,안성복합유통시설(스타필드)지하차도
경기도 안성시,금광1터널(제천)
경기도 안성시,금광1터널(평택)
경기도 안성시,금광2터널(제천)
경기도 안성시,금광2터널(평택)
경기도 안성시,금광3터널(제천)
경기도 안성시,금광3터널(평택)
경기도 안성시,반제터널(제천)
경기도 안성시,반제터널(평택)
경기도 안성시,안진터널(제천)
경기도 안성시,안진터널(평택)
경기도 안양시 동안구,범계지하차도
경기도 안양시 동안구,비산지하차도
경기도 안양시 동안구,호계지하차도
경기도 안양시 동안구,평촌지하차도
경기도 안양시 동안구,안양터널(일산)
경기도 안양시 동안구,안양터널(판교)
경기도 안양시 동안구,삼성산터널(안양)
경기도 안양시 동안구,안양터널(일산)
경기도 안양시 동안구,안양터널(판교)
경기도 안양시 동안구,삼성산터널(안양)
경기도 안양시 만안구,수암터널(일산)
경기도 안양시 만안구,삼성산터널(성남)
경기도 안양시 만안구,"호암2터널(상,하)"
경기도 안양시 만안구,"충훈터널(상,하)"
경기도 안양시 만안구,일번가 지하차도
경기도 안양시 만안구,안양7동 건영공업사 앞 지하차도
경기도 안양시 만안구,예술공원 지하차도
경기도 안양시 만안구,주접 지하차도
경기도 안양시 만안구,청원 지하차도
경기도 안양시 만안구,삼막지하차도
경기도 안양시 만안구,수암터널(일산)
경기도 안양시 만안구,삼성산터널(성남)
경기도 양주시,어하터널(상)
경기도 양주시,천보터널
경기도 양주시,석문령터널(서울)
경기도 양주시,사패산터널(퇴계원)
경기도 양주시,노고산1터널(일산)
경기도 양주시,노고산1터널(퇴계원)
경기도 양주시,노고산2터널(일산)
경기도 양주시,노고산2터널(퇴계원)
경기도 양주시,김삿갓지하차도
경기도 양주시,옥정지하차도
경기도 양주시,송추지하차도
경기도 양주시,석문령터널(서울)
경기도 양주시,노고산1터널(일산)
경기도 양주시,노고산1터널(퇴계원)
경기도 양주시,노고산2터널(일산)
경기도 양주시,노고산2터널(퇴계원)
경기도 양주시,사패산터널(퇴계원)
경기도 양평군,명성터널
경기도 양평군,단월명성터널
경기도 양평군,강상1터널(창원)
경기도 양평군,강상1터널(양평)
경기도 양평군,강상2터널(창원)
경기도 양평군,강상2터널(양평)
경기도 양평군,양동터널(하행)
경기도 양평군,양동터널(상행)
경기도 양평군,지정1터널(하행)
경기도 양평군,서종터널(서울)
경기도 양평군,서종터널(양양)
경기도 양평군,이천터널(양양)
경기도 양평군,용문산터널
경기도 양평군,강상1터널(양평)
경기도 양평군,강상1터널(창원)
경기도 양평군,강상2터널(양평)
경기도 양평군,강상2터널(창원)
경기도 양평군,양동터널(상행)
경기도 양평군,양동터널(하행)
경기도 양평군,지정1터널(하행)
경기도 양평군,서종터널(서울)
경기도 양평군,서종터널(양양)
경기도 양평군,이천터널(양양)
경기도 여주군,금사1터널(창원)
경기도 여주군,금사1터널(양평)
경기도 여주군,금사2터널(창원)
경기도 여주군,금사2터널(양평)
경기도 여주군,금사3터널(창원)
경기도 여주군,금사3터널(양평)
경기도 여주군,금사4터널(창원)
경기도 여주군,금사4터널(양평)
경기도 여주군,금사5터널(창원)
경기도 여주군,금사5터널(양평)
경기도 여주군,강천터널(강릉)
경기도 여주군,강천터널(인천)
경기도 여주군,금사1터널(양평)
경기도 여주군,금사1터널(창원)
경기도 여주군,금사2터널(양평)
경기도 여주군,금사2터널(창원)
경기도 여주군,금사3터널(양평)
경기도 여주군,금사3터널(창원)
경기도 여주군,금사4터널(양평)
경기도 여주군,금사4터널(창원)
경기도 여주군,금사5터널(양평)
경기도 여주군,금사5터널(창원)
경기도 여주군,강천터널(강릉)
경기도 여주군,강천터널(인천)
경기도 여주시,황골터널
경기도 여주시,산북터널(하)
경기도 여주시,산북터널(상)
경기도 여주시,금사터널(하)
경기도 여주시,금사터널(상)
경기도 여주시,대신터널(하)
경기도 여주시,대신터널(상)
경기도 여주시,금사터널(상)
경기도 여주시,금사터널(하)
경기도 여주시,대신터널(상)
경기도 여주시,대신터널(하)
경기도 여주시,산북터널(상)
경기도 여주시,산북터널(하)
경기도 연천군,우암지하차도
경기도 연천군,온골지하차도
경기도 오산시,세마지하차도
경기도 오산시,남촌(성호)지하도
경기도 오산시,물향기지하차도
경기도 오산시,금암터널
경기도 오산시,세교터널
경기도 오산시,세교지하차도
경기도 용인시,마성터널(강릉0)
경기도 용인시,마성터널(강릉1)
경기도 용인시,마성터널(인천0)
경기도 용인시,마성터널(인천1)
경기도 용인시,마성터널(강릉0)
경기도 용인시,마성터널(강릉1)
경기도 용인시,마성터널(인천0)
경기도 용인시,마성터널(인천1)
경기도 용인시 기흥구,공세지하차도
경기도 용인시 기흥구,고매터널(성남방향)
경기도 용인시 기흥구,고매터널(오산방향)
경기도 용인시 기흥구,영덕1터널
경기도 용인시 기흥구,영덕2터널
경기도 용인시 기흥구,영덕3터널
경기도 용인시 기흥구,청명터널
경기도 용인시 기흥구,기흥터널(상행)
경기도 용인시 기흥구,기흥터널(하행)
경기도 용인시 기흥구,농서지하차도
경기도 용인시 기흥구,법화터널(상)
경기도 용인시 기흥구,법화터널(하)
경기도 용인시 기흥구,마북터널(상)
경기도 용인시 기흥구,마북터널(하)
경기도 용인시 기흥구,흥덕지하차도
경기도 용인시 기흥구,강남대지하차도
경기도 용인시 기흥구,동백지하차도(지하차도 #1)
경기도 용인시 기흥구,삼막곡 제1지하차도
경기도 용인시 기흥구,삼막곡제2지하차도
경기도 용인시 기흥구,수성지하차도(지하차도 #2)
경기도 용인시 기흥구,신일지하차도
경기도 용인시 기흥구,청덕지하차도
경기도 용인시 기흥구,서천지하차도
경기도 용인시 기흥구,성산지하차도(지하차도#3)
경기도 용인시 기흥구,은목지하차도(지하차도#4)
경기도 용인시 기흥구,초당지하차도(지하차도#5)
경기도 용인시 기흥구,삼막곡터널
경기도 용인시 기흥구,교동터널
경기도 용인시 기흥구,신갈터널
경기도 용인시 기흥구,동백터널(마성방향)
경기도 용인시 수지구,상현지하차도
경기도 용인시 수지구,성복터널(서울)
경기도 용인시 수지구,성복터널(용인)
경기도 용인시 수지구,동천터널(서울)
경기도 용인시 수지구,동천터널(용인)
경기도 용인시 수지구,고기터널(서울)
경기도 용인시 수지구,고기터널(용인)
경기도 용인시 수지구,죽전지하차도
경기도 용인시 수지구,성복지하차도
경기도 용인시 수지구,호곳말통로
경기도 용인시 수지구,죽전지하차도2
경기도 용인시 수지구,동천터널
경기도 용인시 수지구,신봉터널
경기도 용인시 수지구,버들치터널(상)
경기도 용인시 수지구,버들치터널(하)
경기도 용인시 수지구,대지산통로
경기도 용인시 수지구,고기터널(서울)
경기도 용인시 수지구,고기터널(용인)
경기도 용인시 수지구,동천터널(서울)
경기도 용인시 수지구,동천터널(용인)
경기도 용인시 수지구,성복터널(서울)
경기도 용인시 수지구,성복터널(용인)
경기도 용인시 처인구,문수산터널
경기도 용인시 처인구,초막터널
경기도 용인시 처인구,여수곡터널
경기도 용인시 처인구,역북터널
경기도 용인시 처인구,학고개터널
경기도 용인시 처인구,서리터널
경기도 용인시 처인구,양지터널(강릉)
경기도 용인시 처인구,양지터널(인천1)
경기도 용인시 처인구,양지터널(인천2)
경기도 용인시 처인구,금어리터널
경기도 용인시 처인구,지구선터널
경기도 용인시 처인구,동백터널(동백방향)
경기도 용인시 처인구,주북리터널
경기도 용인시 처인구,능원터널
경기도 용인시 처인구,양지터널(강릉)
경기도 용인시 처인구,양지터널(인천1)
경기도 용인시 처인구,양지터널(인천2)
경기도 의왕시,학의터널(상행)
경기도 의왕시,학의터널(하행)
경기도 의왕시,의왕터널(상)
경기도 의왕시,의왕터널(하)
경기도 의왕시,의왕신터널(상)
경기도 의왕시,의왕신터널(하)
경기도 의왕시,고천지하차도
경기도 의왕시,청계터널(일산)
경기도 의왕시,청계터널(판교)
경기도 의왕시,청계산1터널(성남)
경기도 의왕시,청계산1터널(안양)
경기도 의왕시,청계산2터널(성남)
경기도 의왕시,청계산2터널(안양)
경기도 의왕시,청계산3터널(성남)
경기도 의왕시,모락산터널
경기도 의왕시,모락터널
경기도 의왕시,학현터널
경기도 의왕시,복합물류지하차도(의왕)
경기도 의왕시,청계터널(일산)
경기도 의왕시,청계터널(판교)
경기도 의왕시,청계산1터널(성남)
경기도 의왕시,청계산1터널(안양)
경기도 의왕시,청계산2터널(성남)
경기도 의왕시,청계산2터널(안양)
경기도 의왕시,청계산3터널(성남)
경기도 의정부시,용현지하차도(상)
경기도 의정부시,용현지하차도(하)
경기도 의정부시,금신 지하차도
경기도 의정부시,축석령터널(포천)
경기도 의정부시,수락산터널(퇴계원)
경기도 의정부시,호원터널(일산)
경기도 의정부시,호원터널(퇴계원)
경기도 의정부시,사패산터널(일산)
경기도 의정부시,장암지하차도
경기도 의정부시,사패터널BOX
경기도 의정부시,신곡지하차도
경기도 의정부시,의정부역지하차도
경기도 의정부시,경민지하차도B
경기도 의정부시,민락지하차도
경기도 의정부시,사패터널
경기도 의정부시,자금지하차도(구리)
경기도 의정부시,자금지하차도(포천)
경기도 의정부시,청학지하차도(구리)
경기도 의정부시,
경기도 의정부시,청학지하차도(포천)
경기도 의정부시,
경기도 의정부시,축석령터널(포천)
경기도 의정부시,사패산터널(일산)
경기도 의정부시,수락산터널(퇴계원)
경기도 의정부시,호원터널(일산)
경기도 의정부시,호원터널(퇴계원)
경기도 파주시,교하지하차도
경기도 파주시,오산지하차도
경기도 파주시,법원지하차도
경기도 파주시,갈곡터널
경기도 파주시,호명터널(금촌방향)
경기도 파주시,호명터널(법원방향)
경기도 파주시,갈곡터널(상수방향)
경기도 파주시,혜음령터널(광탄방향)
경기도 파주시,혜음령터널(고양방향)
경기도 파주시,탑골지하차도
경기도 파주시,산내 지하차도
경기도 파주시,심학산지하차도
경기도 파주시,책향기지하차도
경기도 파주시,기왓돌지하차도
경기도 파주시,와동지하차도
경기도 파주시,한길지하차도
경기도 파주시,한빛지하차도
경기도 파주시,두지터널
경기도 파주시,감악1터널(백학방면)
경기도 파주시,감악1터널(양주방면)
경기도 파주시,감악2터널(백학방향)
경기도 파주시,감악2터널(양주방향)
경기도 파주시,감악3터널(백학방면)
경기도 파주시,감악3터널(양주방향)
경기도 파주시,금촌터널(서울)
경기도 파주시,금촌터널(문산)
경기도 파주시,금촌터널(문산)
경기도 파주시,금촌터널(서울)
경기도 평택시,신왕터널(포승)
경기도 평택시,신왕터널(팽성)
경기도 평택시,비전지하차도
경기도 평택시,중앙지하차도
경기도 평택시,평안지하차도
경기도 평택시,평택터널(제천)
경기도 평택시,평택터널(평택)
경기도 평택시,이충지하차도
경기도 평택시,서정지하차도
경기도 평택시,송탄지하차도
경기도 평택시,하북지하차도
경기도 평택시,통복지하차도
경기도 평택시,은실지하차도
경기도 평택시,유천지하차도
경기도 평택시,서탄지하차도
경기도 평택시,세교지하차도
경기도 평택시,세교지하차도
경기도 평택시,복개터널
경기도 평택시,평택터널(제천)
경기도 평택시,평택터널(평택)
경기도 포천시,죽엽산터널
경기도 포천시,죽엽산터널(하행)
경기도 포천시,어하터널(하)
경기도 포천시,왕방터널(동두천방향)
경기도 포천시,축석령터널(구리)
경기도 포천시,석문령터널(양주)
경기도 포천시,석문령터널(양주)
경기도 포천시,이가팔지하차도
경기도 포천시,축석령터널(구리)
경기도 하남시,산곡터널(이천)
경기도 하남시,광암터널(구리)
경기도 하남시,광암터널(판교1)
경기도 하남시,광암터널(판교2)
경기도 하남시,위례지하보차도
경기도 하남시,미사교차로 지하차도
경기도 하남시,신풍지하차도
경기도 하남시,하남풍산 진등지하차도
경기도 하남시,창우지하차도
경기도 하남시,조정경기장 입구교차로 지하차도
경기도 하남시,덕풍터널 공영사방향
경기도 하남시,덕풍터널 한솔아파트방향
경기도 하남시,초이터널
경기도 하남시,산곡터널(이천)
경기도 하남시,미사지하차도
경기도 하남시,광암터널(구리)
경기도 하남시,광암터널(판교1)
경기도 하남시,광암터널(판교2)
경기도 화성시,장지지하차도
경기도 화성시,잎새 지하차도
경기도 화성시,오목지하차도
경기도 화성시,천천지하차도
경기도 화성시,숙곡지하차도
경기도 화성시,굴고개터널
경기도 화성시,금곡지하차도
경기도 화성시,동부대로3(보들)지하차도
경기도 화성시,동부대로5(동탄산단1)지하차도
경기도 화성시,구봉터널(상)
경기도 화성시,구봉터널(하)
경기도 화성시,당성터널
경기도 화성시,남양지하차도
경기도 화성시,상신지하차도
경기도 화성시,진안3지하차도
경기도 화성시,진안2지하차도
경기도 화성시,진안1지하차도
경기도 화성시,수기지하차도
경기도 화성시,태안지하차도
경기도 화성시,RAMP-C지하차도
경기도 화성시,진안 RAMP-A 지하차도
경기도 화성시,하길 제2지하차도
경기도 화성시,오름 지하차도
경기도 화성시,필봉산터널(동탄)
경기도 화성시,필봉산터널(과천)
경기도 화성시,팔탄터널(봉담)
경기도 화성시,팔탄터널(송산)
경기도 화성시,봉담터널(봉담)
경기도 화성시,봉담터널(송산)
경기도 화성시,문호지하차도
경기도 화성시,청계지하차도
경기도 화성시,수영리지하차도
경기도 화성시,하나지하차도
경기도 화성시,구목포지하차도
경기도 화성시,능동지하차도
경기도 화성시,동부대로4(신리)지하차도
경기도 화성시,동부대로6(동탄산단2)지하차도
경기도 화성시,매송지하차도
경기도 화성시,반정지하차도
경기도 화성시,송동지하차도
경기도 화성시,양산지하차도
경기도 화성시,중동지하차도
경기도 화성시,풀잎 지하차도
경기도 화성시,용주1(화산1)지하차도
경기도 화성시,화산2(용주2)지하차도
경기도 화성시,황계지하차도
경기도 화성시,병점지하차도
경기도 화성시,하길지하차도
경기도 화성시,병점1교 지하차도
경기도 화성시,효원지하차도
경기도 화성시,병점차량기지(서동탄역) 지하차도
경기도 화성시,태안(안녕)지하차도
경기도 화성시,봉담지하차도
경기도 화성시,남양터널
경기도 화성시,쌍학터널
경기도 화성시,화산터널
경기도 화성시,방교터널
경기도 화성시,봉담지하차도
경기도 화성시,봉담터널(봉담)
경기도 화성시,봉담터널(송산)
경기도 화성시,팔탄터널(봉담)
경기도 화성시,팔탄터널(송산)
경기도 화성시,필봉산터널(과천)
경기도 화성시,필봉산터널(동탄)
경상남도 거제시,덕포터널(상행)
경상남도 거제시,덕포터널(하행)
경상남도 거제시,저도터널(거제)
경상남도 거제시,장평지하차도
경상남도 거제시,장목터널
경상남도 거제시,농소터널
경상남도 거제시,송정터널(상행)
경상남도 거제시,송정터널(하행)
경상남도 거제시,저도터널(부산)
경상남도 거제시,아양지하차도
경상남도 거제시,귀목정지하차도
경상남도 거제시,수창아파트 앞 지하차도
경상남도 거제시,옥산지하차도
경상남도 거제시,코아루 앞 지하차도
경상남도 거제시,화원1지하차도
경상남도 거제시,화원2지하차도
경상남도 거제시,두동터널
경상남도 거창군,살피재터널(대구)
경상남도 거창군,살피재터널(광주)
경상남도 거창군,가조터널(광주)
경상남도 거창군,가조터널(대구)
경상남도 거창군,가조터널(광주)
경상남도 거창군,가조터널(대구)
경상남도 거창군,살피재터널(광주)
경상남도 거창군,살피재터널(대구)
경상남도 고성군,고성3터널(하남)
경상남도 고성군,고성3터널(통영)
경상남도 고성군,고성2터널(하남)
경상남도 고성군,고성2터널(통영)
경상남도 고성군,고성1터널(하남)
경상남도 고성군,고성1터널(통영)
경상남도 고성군,고성1터널(통영)
경상남도 고성군,고성1터널(하남)
경상남도 고성군,고성2터널(통영)
경상남도 고성군,고성2터널(하남)
경상남도 고성군,고성3터널(통영)
경상남도 고성군,고성3터널(하남)
경상남도 김해군,대동2터널(양산)
경상남도 김해군,대동2터널(김해)
경상남도 김해군,대동3터널(양산)
경상남도 김해군,대동3터널(김해)
경상남도 김해군,대동2터널(김해)
경상남도 김해군,대동2터널(양산)
경상남도 김해군,대동3터널(김해)
경상남도 김해군,대동3터널(양산)
경상남도 김해시,나전터널(매리)
경상남도 김해시,나전터널(상나전)
경상남도 김해시,불암지하차도
경상남도 김해시,창원터널(상)
경상남도 김해시,무계지하차도
경상남도 김해시,대청지하차도
경상남도 김해시,대청터널(상)
경상남도 김해시,대청터널(하)
경상남도 김해시,율하터널(상)
경상남도 김해시,율하터널(하)
경상남도 김해시,볼모산터널(창원방향)
경상남도 김해시,김해터널(부산)
경상남도 김해시,김해터널(순천)
경상남도 김해시,상동1터널(상행선)
경상남도 김해시,상동1터널(하행선)
경상남도 김해시,상동2터널(상행선)
경상남도 김해시,상동2터널(하행선)
경상남도 김해시,용산터널(상행선)
경상남도 김해시,용산터널(하행선)
경상남도 김해시,무척산터널(상행선)
경상남도 김해시,무척산터널(하행선)
경상남도 김해시,생림1터널(상행선)
경상남도 김해시,생림1터널(하행선)
경상남도 김해시,생림2터널(상행선)
경상남도 김해시,생림2터널(하행선)
경상남도 김해시,굴암터널(신항)
경상남도 김해시,장유1터널(김해방향)
경상남도 김해시,장유1터널(신항방향)
경상남도 김해시,장유2터널(김해방향)
경상남도 김해시,장유2터널(신항방향)
경상남도 김해시,관동터널(김해)
경상남도 김해시,관동터널(신항)
경상남도 김해시,대동1터널(양산)
경상남도 김해시,대동1터널(김해)
경상남도 김해시,진영1터널(창원)
경상남도 김해시,진영1터널(기장)
경상남도 김해시,진영2터널(창원)
경상남도 김해시,진영2터널(기장)
경상남도 김해시,한림1터널(창원)
경상남도 김해시,한림1터널(기장)
경상남도 김해시,한림2터널(창원)
경상남도 김해시,한림2터널(기장)
경상남도 김해시,한림3터널(창원)
경상남도 김해시,한림3터널(기장)
경상남도 김해시,한림4터널(창원)
경상남도 김해시,한림4터널(기장)
경상남도 김해시,생림터널(창원)
경상남도 김해시,생림터널(기장)
경상남도 김해시,상동터널(창원)
경상남도 김해시,상동터널(기장)
경상남도 김해시,신어산터널(기장)
경상남도 김해시,신어산터널(창원)
경상남도 김해시,장유터널(상)
경상남도 김해시,장유터널(하)
경상남도 김해시,동김해지하차도
경상남도 김해시,김해터널
경상남도 김해시,구지터널
경상남도 김해시,구산터널
경상남도 김해시,김해터널(부산)
경상남도 김해시,김해터널(순천)
경상남도 김해시,무척산터널(상행선)
경상남도 김해시,무척산터널(하행선)
경상남도 김해시,상동1터널(상행선)
경상남도 김해시,상동1터널(하행선)
경상남도 김해시,상동2터널(상행선)
경상남도 김해시,상동2터널(하행선)
경상남도 김해시,생림1터널(상행선)
경상남도 김해시,생림1터널(하행선)
경상남도 김해시,생림2터널(상행선)
경상남도 김해시,생림2터널(하행선)
경상남도 김해시,용산터널(상행선)
경상남도 김해시,용산터널(하행선)
경상남도 김해시,관동터널(김해)
경상남도 김해시,관동터널(신항)
경상남도 김해시,굴암터널(신항)
경상남도 김해시,장유1터널(김해방향)
경상남도 김해시,장유1터널(신항방향)
경상남도 김해시,장유2터널(김해방향)
경상남도 김해시,장유2터널(신항방향)
경상남도 김해시,대동1터널(김해)
경상남도 김해시,대동1터널(양산)
경상남도 김해시,상동터널(기장)
경상남도 김해시,상동터널(창원)
경상남도 김해시,생림터널(기장)
경상남도 김해시,생림터널(창원)
경상남도 김해시,신어산터널(기장)
경상남도 김해시,신어산터널(창원)
경상남도 김해시,진영1터널(기장)
경상남도 김해시,진영1터널(창원)
경상남도 김해시,진영2터널(기장)
경상남도 김해시,진영2터널(창원)
경상남도 김해시,한림1터널(기장)
경상남도 김해시,한림1터널(창원)
경상남도 김해시,한림2터널(기장)
경상남도 김해시,한림2터널(창원)
경상남도 김해시,한림3터널(기장)
경상남도 김해시,한림3터널(창원)
경상남도 김해시,한림4터널(기장)
경상남도 김해시,한림4터널(창원)
경상남도 남해군,남해지하차도
경상남도 밀양시,산외2터널(함양)
경상남도 밀양시,산외2터널(울산)
경상남도 밀양시,산외3터널(함양)
경상남도 밀양시,산외3터널(울산)
경상남도 밀양시,단장1터널(함양)
경상남도 밀양시,단장1터널(울산)
경상남도 밀양시,단장2터널(함양)
경상남도 밀양시,단장2터널(울산)
경상남도 밀양시,단장3터널(함양)
경상남도 밀양시,단장3터널(울산)
경상남도 밀양시,단장4터널(울산)
경상남도 밀양시,단장4터널(함양)
경상남도 밀양시,재약산터널(울산)
경상남도 밀양시,삼랑진터널(상행선)
경상남도 밀양시,삼랑진터널(하행선)
경상남도 밀양시,가곡터널(상행선)
경상남도 밀양시,가곡터널(하행선)
경상남도 밀양시,고정1터널(상행선)
경상남도 밀양시,고정1터널(하행선)
경상남도 밀양시,고정2터널(상행선)
경상남도 밀양시,고정2터널(하행선)
경상남도 밀양시,고정3터널(상행선)
경상남도 밀양시,고정3터널(하행선)
경상남도 밀양시,석남터널
경상남도 밀양시,단장1터널(울산)
경상남도 밀양시,단장1터널(함양)
경상남도 밀양시,단장2터널(울산)
경상남도 밀양시,단장2터널(함양)
경상남도 밀양시,단장3터널(울산)
경상남도 밀양시,단장3터널(함양)
경상남도 밀양시,단장4터널(울산)
경상남도 밀양시,단장4터널(함양)
경상남도 밀양시,산외2터널(울산)
경상남도 밀양시,산외2터널(함양)
경상남도 밀양시,산외3터널(울산)
경상남도 밀양시,산외3터널(함양)
경상남도 밀양시,재약산터널(울산)
경상남도 밀양시,가곡터널(상행선)
경상남도 밀양시,가곡터널(하행선)
경상남도 밀양시,고정1터널(상행선)
경상남도 밀양시,고정1터널(하행선)
경상남도 밀양시,고정2터널(상행선)
경상남도 밀양시,고정2터널(하행선)
경상남도 밀양시,고정3터널(상행선)
경상남도 밀양시,고정3터널(하행선)
경상남도 밀양시,삼랑진터널(상행선)
경상남도 밀양시,삼랑진터널(하행선)
경상남도 사천시,자혜터널
경상남도 사천시,사천터널(부산)
경상남도 사천시,사천터널(순천)
경상남도 사천시,사천3터널(하남)
경상남도 사천시,사천3터널(통영)
경상남도 사천시,사천2터널(하남)
경상남도 사천시,사천2터널(통영)
경상남도 사천시,사천1터널(하남)
경상남도 사천시,사천1터널(통영)
경상남도 사천시,사천터널(부산)
경상남도 사천시,사천터널(순천)
경상남도 사천시,사천1터널(통영)
경상남도 사천시,사천1터널(하남)
경상남도 사천시,사천2터널(통영)
경상남도 사천시,사천2터널(하남)
경상남도 사천시,사천3터널(통영)
경상남도 사천시,사천3터널(하남)
경상남도 산청군,황매산터널
경상남도 산청군,삼신봉터널
경상남도 산청군,예치터널
경상남도 산청군,산청3터널(통영)
경상남도 산청군,산청3터널(하남)
경상남도 산청군,산청2터널(통영)
경상남도 산청군,산청2터널(하남)
경상남도 산청군,산청1터널(통영)
경상남도 산청군,산청1터널(하남)
경상남도 산청군,적벽산 피암터널
경상남도 산청군,산청1터널(통영)
경상남도 산청군,산청1터널(하남)
경상남도 산청군,산청2터널(통영)
경상남도 산청군,산청2터널(하남)
경상남도 산청군,산청3터널(통영)
경상남도 산청군,산청3터널(하남)
경상남도 양산시,법기터널(상)
경상남도 양산시,법기터널(하)
경상남도 양산시,범어지하차도
경상남도 양산시,오봉지하차도(양산물금지하차도6호)
경상남도 양산시,다방지하차도
경상남도 양산시,석산지하차도
경상남도 양산시,남부지하차도
경상남도 양산시,양주지하차도
경상남도 양산시,재약산터널(함양)
경상남도 양산시,배내골나들목터널
경상남도 양산시,어곡터널
경상남도 양산시,증산역지하차도
경상남도 양산시,덕계지하차도
경상남도 양산시,배내골나들목터널
경상남도 양산시,재약산터널(함양)
경상남도 진주시,진주1터널(부산)
경상남도 진주시,진주1터널(순천)
경상남도 진주시,진주2터널(순천)
경상남도 진주시,진주2터널(부산)
경상남도 진주시,신율터널(통영)
경상남도 진주시,신율터널(하남)
경상남도 진주시,독산터널(통영)
경상남도 진주시,독산터널(하남)
경상남도 진주시,서진주 i.C 터널
경상남도 진주시,진주1터널(부산)
경상남도 진주시,진주1터널(순천)
경상남도 진주시,진주2터널(부산)
경상남도 진주시,진주2터널(순천)
경상남도 진주시,독산터널(통영)
경상남도 진주시,독산터널(하남)
경상남도 진주시,신율터널(통영)
경상남도 진주시,신율터널(하남)
경상남도 창원시,창원2터널(부산)
경상남도 창원시,창원2터널(순천)
경상남도 창원시,창원2터널(부산)
경상남도 창원시,창원2터널(순천)
경상남도 창원시 마산합포구,가포신항터널(마산방향)
경상남도 창원시 마산합포구,가포신항터널(통영방향)
경상남도 창원시 성산구,창원터널(상)
경상남도 창원시 성산구,창원터널(하)
경상남도 창원시 성산구,천선터널(상)
경상남도 창원시 성산구,천선터널(하)
경상남도 창원시 성산구,불모산터널(상)
경상남도 창원시 성산구,불모산터널(하)
경상남도 창원시 성산구,성주지하차도
경상남도 창원시 성산구,두대터널
경상남도 창원시 성산구,상남터널
경상남도 창원시 의창구,소계1지하차도
경상남도 창원시 의창구,소계2지하차도
경상남도 창원시 의창구,토월지하차도
경상남도 창원시 의창구,명곡지하차도
경상남도 창원시 의창구,삼동지하차도
경상남도 창원시 의창구,용원지하차도
경상남도 창원시 의창구,팔용1지하차도
경상남도 창원시 의창구,팔용2지하차도
경상남도 창원시 의창구,덕산지하차도
경상남도 창원시 의창구,무곡터널
경상남도 창원시 의창구,태복터널
경상남도 창원시 의창구,팔룡터널 상행선(마산방향)
경상남도 창원시 의창구,팔룡터널 하행선(김해방향)
경상남도 창원시 의창구,태복터널(하행)
경상남도 창원시 진해구,밤갓터널(김해)
경상남도 창원시 진해구,밤갓터널(신항)
경상남도 창원시 진해구,굴암터널(김해)
경상남도 창원시 진해구,마진터널
경상남도 창원시 진해구,가주1터널
경상남도 창원시 진해구,가주2터널
경상남도 창원시 진해구,보배터널
경상남도 창원시 진해구,신항터널
경상남도 창원시 진해구,마천터널(녹산방향)
경상남도 창원시 진해구,마천터널(소사방향)
경상남도 창원시 진해구,용원터널(녹산방향)
경상남도 창원시 진해구,용원터널(소사방향)
경상남도 창원시 진해구,진해터널
경상남도 창원시 진해구,굴암터널(김해)
경상남도 창원시 진해구,밤갓터널(김해)
경상남도 창원시 진해구,밤갓터널(신항)
경상남도 통영시,원문터널
경상남도 통영시,통영터널(당동)
경상남도 통영시,통영터널(명정)
경상남도 통영시,통영3터널(하남)
경상남도 통영시,통영3터널(통영)
경상남도 통영시,통영2터널(통영)
경상남도 통영시,통영2터널(하남)
경상남도 통영시,통영1터널(하남)
경상남도 통영시,통영1터널(통영)
경상남도 통영시,통영1터널(통영)
경상남도 통영시,통영1터널(하남)
경상남도 통영시,통영2터널(통영)
경상남도 통영시,통영2터널(하남)
경상남도 통영시,통영3터널(통영)
경상남도 통영시,통영3터널(하남)
경상남도 하동군,노량터널
경상남도 하동군,하동터널(부산)
경상남도 하동군,하동터널(순천)
경상남도 하동군,진교터널(부산)
경상남도 하동군,진교터널(순천)
경상남도 하동군,송문터널
경상남도 하동군,진교터널(부산)
경상남도 하동군,진교터널(순천)
경상남도 하동군,하동터널(부산)
경상남도 하동군,하동터널(순천)
경상남도 함안군,산인터널(부산)
경상남도 함안군,산인터널(순천)
경상남도 함안군,함안1터널(부산)
경상남도 함안군,함안1터널(순천)
경상남도 함안군,함안2터널(부산)
경상남도 함안군,함안2터널(순천)
경상남도 함안군,창원1터널(부산)
경상남도 함안군,창원1터널(순천)
경상남도 함안군,산인터널(부산)
경상남도 함안군,산인터널(순천)
경상남도 함안군,창원1터널(부산)
경상남도 함안군,창원1터널(순천)
경상남도 함안군,함안1터널(부산)
경상남도 함안군,함안1터널(순천)
경상남도 함안군,함안2터널(부산)
경상남도 함안군,함안2터널(순천)
경상남도 함양군,백전1터널(광주)
경상남도 함양군,백전1터널(대구)
경상남도 함양군,백전2터널(광주)
경상남도 함양군,백전2터널(대구)
경상남도 함양군,병곡1터널(대구)
경상남도 함양군,병곡1터널(광주)
경상남도 함양군,병곡2터널(광주)
경상남도 함양군,병곡2터널(대구)
경상남도 함양군,수동터널(광주)
경상남도 함양군,수동터널(대구)
경상남도 함양군,육십령터널(하남)
경상남도 함양군,육십령터널(통영)
경상남도 함양군,함양터널(통영)
경상남도 함양군,함양터널(하남)
경상남도 함양군,백전1터널(광주)
경상남도 함양군,백전1터널(대구)
경상남도 함양군,백전2터널(광주)
경상남도 함양군,백전2터널(대구)
경상남도 함양군,병곡1터널(광주)
경상남도 함양군,병곡1터널(대구)
경상남도 함양군,병곡2터널(광주)
경상남도 함양군,병곡2터널(대구)
경상남도 함양군,수동터널(광주)
경상남도 함양군,수동터널(대구)
경상남도 함양군,육십령터널(통영)
경상남도 함양군,육십령터널(하남)
경상남도 함양군,함양터널(통영)
경상남도 함양군,함양터널(하남)
경상남도 합천군,해인사터널
경상남도 합천군,가야1터널(대구)
경상남도 합천군,가야1터널(광주)
경상남도 합천군,가야2터널(대구)
경상남도 합천군,가야2터널(광주)
경상남도 합천군,가야3터널(대구)
경상남도 합천군,가야3터널(광주)
경상남도 합천군,야로1터널(대구)
경상남도 합천군,야로1터널(광주)
경상남도 합천군,야로2터널(광주)
경상남도 합천군,야로2터널(대구)
경상남도 합천군,야로3터널(광주)
경상남도 합천군,야로3터널(대구)
경상남도 합천군,가야1터널(광주)
경상남도 합천군,가야1터널(대구)
경상남도 합천군,가야2터널(광주)
경상남도 합천군,가야2터널(대구)
경상남도 합천군,가야3터널(광주)
경상남도 합천군,가야3터널(대구)
경상남도 합천군,야로1터널(광주)
경상남도 합천군,야로1터널(대구)
경상남도 합천군,야로2터널(광주)
경상남도 합천군,야로2터널(대구)
경상남도 합천군,야로3터널(광주)
경상남도 합천군,야로3터널(대구)
경상북도 경산시,청도2터널(하행선)
경상북도 경산시,남천터널(상행선)
경상북도 경산시,남천터널(하행선)
경상북도 경산시,남천터널(상행선)
경상북도 경산시,남천터널(하행선)
경상북도 경산시,청도2터널(하행선)
경상북도 경주시,추령터널
경상북도 경주시,경주터널(서울0)
경상북도 경주시,경주터널(부산)
경상북도 경주시,경주터널(서울1)
경상북도 경주시,달전터널(포항)
경상북도 경주시,달전터널(대구)
경상북도 경주시,범서4터널(포항)
경상북도 경주시,외동1터널(포항)
경상북도 경주시,외동2터널(부산)
경상북도 경주시,외동2터널(포항)
경상북도 경주시,외동3터널(부산)
경상북도 경주시,문무대왕1터널(부산)
경상북도 경주시,문무대왕1터널(포항)
경상북도 경주시,문무대왕2터널(부산)
경상북도 경주시,문무대왕2터널(포항)
경상북도 경주시,문무대왕3터널(부산)
경상북도 경주시,문무대왕3터널(포항)
경상북도 경주시,문무대왕4터널(부산)
경상북도 경주시,문무대왕4터널(포항)
경상북도 경주시,오천1터널(부산)
경상북도 경주시,오천2터널(포항)
경상북도 경주시,건천지하차도
경상북도 경주시,배반지하차도
경상북도 경주시,유금3리 지하차도
경상북도 경주시,경주터널(부산)
경상북도 경주시,경주터널(서울0)
경상북도 경주시,경주터널(서울1)
경상북도 경주시,달전터널(대구)
경상북도 경주시,달전터널(포항)
경상북도 경주시,문무대왕1터널(부산)
경상북도 경주시,문무대왕1터널(포항)
경상북도 경주시,문무대왕2터널(부산)
경상북도 경주시,문무대왕2터널(포항)
경상북도 경주시,문무대왕3터널(부산)
경상북도 경주시,문무대왕3터널(포항)
경상북도 경주시,문무대왕4터널(부산)
경상북도 경주시,문무대왕4터널(포항)
경상북도 경주시,범서4터널(포항)
경상북도 경주시,오천1터널(부산)
경상북도 경주시,오천2터널(포항)
경상북도 경주시,외동1터널(포항)
경상북도 경주시,외동2터널(부산)
경상북도 경주시,외동2터널(포항)
경상북도 경주시,외동3터널(부산)
경상북도 고령군,쌍림터널(대구)
경상북도 고령군,쌍림터널(광주)
경상북도 고령군,고령터널(광주)
경상북도 고령군,성산1터널(광주)
경상북도 고령군,성산1터널(대구)
경상북도 고령군,성산2터널(광주)
경상북도 고령군,성산2터널(대구)
경상북도 고령군,고령1터널(양평)
경상북도 고령군,고령1터널(창원)
경상북도 고령군,고령2터널(창원)
경상북도 고령군,고령2터널(양평)
경상북도 고령군,고령3터널(창원)
경상북도 고령군,고령3터널(양평)
경상북도 고령군,고령4터널(양평)
경상북도 고령군,고령4터널(창원)
경상북도 고령군,대가야통문
경상북도 고령군,고령터널(광주)
경상북도 고령군,성산1터널(광주)
경상북도 고령군,성산1터널(대구)
경상북도 고령군,성산2터널(광주)
경상북도 고령군,성산2터널(대구)
경상북도 고령군,쌍림터널(광주)
경상북도 고령군,쌍림터널(대구)
경상북도 고령군,고령1터널(양평)
경상북도 고령군,고령1터널(창원)
경상북도 고령군,고령2터널(양평)
경상북도 고령군,고령2터널(창원)
경상북도 고령군,고령3터널(양평)
경상북도 고령군,고령3터널(창원)
경상북도 고령군,고령4터널(양평)
경상북도 고령군,고령4터널(창원)
경상북도 구미시,양호지하차도
경상북도 구미시,선산지하차도
경상북도 구미시,장천터널(부산)
경상북도 구미시,장천터널(춘천)
경상북도 구미시,군위터널(춘천)
경상북도 구미시,군위터널(부산)
경상북도 구미시,군위터널(상주방향) (3공구)
경상북도 구미시,군위터널(영천방향) (3공구)
경상북도 구미시,불로터널(상주)(5공구)
경상북도 구미시,불로터널(영천)(5공구)
경상북도 구미시,구미국가산업단지 제4단지 옥계지하차도
경상북도 구미시,비재터널
경상북도 구미시,군위터널(부산)
경상북도 구미시,군위터널(춘천)
경상북도 구미시,장천터널(부산)
경상북도 구미시,장천터널(춘천)
경상북도 구미시,군위터널(상주방향) (3공구)
경상북도 구미시,군위터널(영천방향) (3공구)
경상북도 구미시,불로터널(상주)(5공구)
경상북도 구미시,불로터널(영천)(5공구)
경상북도 군위군,팔공산터널(상행)
경상북도 군위군,팔공산터널(하행)
경상북도 군위군,산법터널(상주방향)(4공구)
경상북도 군위군,산법터널(영천방향)(4공구)
경상북도 군위군,평호터널(상주방향)(4공구)
경상북도 군위군,평호터널(영천방향)(4공구)
경상북도 군위군,중구터널(상주)(5공구)
경상북도 군위군,중구터널(영천)(5공구)
경상북도 군위군,효령터널(상주방향)(5공구)
경상북도 군위군,효령터널(영천방향)(5공구)
경상북도 군위군,산법터널(상주방향)(4공구)
경상북도 군위군,산법터널(영천방향)(4공구)
경상북도 군위군,중구터널(상주)(5공구)
경상북도 군위군,중구터널(영천)(5공구)
경상북도 군위군,평호터널(상주방향)(4공구)
경상북도 군위군,평호터널(영천방향)(4공구)
경상북도 군위군,효령터널(상주방향)(5공구)
경상북도 군위군,효령터널(영천방향)(5공구)
경상북도 김천시,부항터널
경상북도 김천시,유촌에코터널
경상북도 김천시,혁신지하차도2
경상북도 김천시,혁신지하차도1
경상북도 김천시,혁신지하차도2(하)
경상북도 김천시,혁신지하차도1(하)
경상북도 김천시,마곡지하차도
경상북도 김천시,김천1터널(양평)
경상북도 김천시,김천1터널(창원)
경상북도 김천시,김천2터널(양평)
경상북도 김천시,김천2터널(창원)
경상북도 김천시,김천3터널(창원)
경상북도 김천시,김천3터널(양평)
경상북도 김천시,대신터널(혁신방향)
경상북도 김천시,대신터널(시청방향)
경상북도 김천시,김천1터널(양평)
경상북도 김천시,김천1터널(창원)
경상북도 김천시,김천2터널(양평)
경상북도 김천시,김천2터널(창원)
경상북도 김천시,김천3터널(양평)
경상북도 김천시,김천3터널(창원)
경상북도 문경시,쌍용터널
경상북도 문경시,지동터널
경상북도 문경시,불정터널(창원)
경상북도 문경시,불정터널(양평)
경상북도 문경시,진남터널(양평)
경상북도 문경시,진남터널(창원)
경상북도 문경시,문경2터널(양평)
경상북도 문경시,문경2터널(창원)
경상북도 문경시,문경1터널(양평)
경상북도 문경시,문경1터널(창원)
경상북도 문경시,문경새재터널(양평)
경상북도 문경시,돈달지하도
경상북도 문경시,영신지하차도
경상북도 문경시,중앙지하차도
경상북도 문경시,문경1터널(양평)
경상북도 문경시,문경1터널(창원)
경상북도 문경시,문경2터널(양평)
경상북도 문경시,문경2터널(창원)
경상북도 문경시,문경새재터널(양평)
경상북도 문경시,불정터널(양평)
경상북도 문경시,불정터널(창원)
경상북도 문경시,진남터널(양평)
경상북도 문경시,진남터널(창원)
경상북도 봉화군,현동터널
경상북도 상주시,갈령터널
경상북도 상주시,우산재터널
경상북도 상주시,화서1터널(영덕)
경상북도 상주시,화서1터널(청주)
경상북도 상주시,화서2터널(영덕)
경상북도 상주시,화서2터널(청주)
경상북도 상주시,내서1터널(영덕)
경상북도 상주시,내서1터널(청주)
경상북도 상주시,내서2터널(청주)
경상북도 상주시,내서2터널(영덕)
경상북도 상주시,내서3터널(영덕)
경상북도 상주시,내서3터널(청주)
경상북도 상주시,내서4터널(청주)
경상북도 상주시,내서4터널(영덕)
경상북도 상주시,나각산터널(상주)
경상북도 상주시,나각산터널(영덕)
경상북도 상주시,상주터널(창원)
경상북도 상주시,상주터널(양평)
경상북도 상주시,낙동터널(양평)
경상북도 상주시,낙동터널(창원)
경상북도 상주시,공검터널(창원)
경상북도 상주시,공검터널(양평)
경상북도 상주시,나각산터널(상주)
경상북도 상주시,나각산터널(영덕)
경상북도 상주시,내서1터널(영덕)
경상북도 상주시,내서1터널(청주)
경상북도 상주시,내서2터널(영덕)
경상북도 상주시,내서2터널(청주)
경상북도 상주시,내서3터널(영덕)
경상북도 상주시,내서3터널(청주)
경상북도 상주시,내서4터널(영덕)
경상북도 상주시,내서4터널(청주)
경상북도 상주시,화서1터널(영덕)
경상북도 상주시,화서1터널(청주)
경상북도 상주시,화서2터널(영덕)
경상북도 상주시,화서2터널(청주)
경상북도 상주시,공검터널(양평)
경상북도 상주시,공검터널(창원)
경상북도 상주시,낙동터널(양평)
경상북도 상주시,낙동터널(창원)
경상북도 상주시,상주터널(양평)
경상북도 상주시,상주터널(창원)
경상북도 성주군,성주지하차도
경상북도 성주군,성주지하차도(하)
경상북도 성주군,성주터널(창원)
경상북도 성주군,성주터널(양평)
경상북도 성주군,성주터널(양평)
경상북도 성주군,성주터널(창원)
경상북도 안동시,서안동IC지하차도
경상북도 안동시,안평3터널(영덕)
경상북도 안동시,안평3터널(상주)
경상북도 안동시,옥산터널(상주)
경상북도 안동시,옥산터널(영덕)
경상북도 안동시,길안1터널(상주)
경상북도 안동시,길안1터널(영덕)
경상북도 안동시,길안2터널(영덕)
경상북도 안동시,길안2터널(상주)
경상북도 안동시,길안3터널(영덕)
경상북도 안동시,길안3터널(상주)
경상북도 안동시,길안4터널(상주)
경상북도 안동시,길안4터널(영덕)
경상북도 안동시,사일산터널(영덕)
경상북도 안동시,사일산터널(상주)
경상북도 안동시,일직터널(부산)
경상북도 안동시,일직터널(춘천)
경상북도 안동시,풍산터널(춘천)
경상북도 안동시,풍산터널(부산)
경상북도 안동시,보문터널(부산)
경상북도 안동시,보문터널(춘천)
경상북도 안동시,법흥지하도
경상북도 안동시,명륜터널
경상북도 안동시,길안1터널(상주)
경상북도 안동시,길안1터널(영덕)
경상북도 안동시,길안2터널(상주)
경상북도 안동시,길안2터널(영덕)
경상북도 안동시,길안3터널(상주)
경상북도 안동시,길안3터널(영덕)
경상북도 안동시,길안4터널(상주)
경상북도 안동시,길안4터널(영덕)
경상북도 안동시,사일산터널(상주)
경상북도 안동시,사일산터널(영덕)
경상북도 안동시,안평3터널(상주)
경상북도 안동시,안평3터널(영덕)
경상북도 안동시,옥산터널(상주)
경상북도 안동시,옥산터널(영덕)
경상북도 안동시,보문터널(부산)
경상북도 안동시,보문터널(춘천)
경상북도 안동시,일직터널(부산)
경상북도 안동시,일직터널(춘천)
경상북도 안동시,풍산터널(부산)
경상북도 안동시,풍산터널(춘천)
경상북도 영덕군,지품6터널(영덕)
경상북도 영덕군,지품2터널(상주)
경상북도 영덕군,지품2터널(영덕)
경상북도 영덕군,지품3터널(영덕)
경상북도 영덕군,지품3터널(상주)
경상북도 영덕군,지품4터널(상주)
경상북도 영덕군,지품4터널(영덕)
경상북도 영덕군,지품5터널(영덕)
경상북도 영덕군,지품6터널(상주)
경상북도 영덕군,지품7터널(상주)
경상북도 영덕군,지품7터널(영덕)
경상북도 영덕군,지품8터널(영덕)
경상북도 영덕군,지품8터널(상주)
경상북도 영덕군,지품9터널(영덕)
경상북도 영덕군,지품9터널(상주)
경상북도 영덕군,지품10터널(상주)
경상북도 영덕군,지품10터널(영덕)
경상북도 영덕군,달산1터널(상주)
경상북도 영덕군,달산1터널(영덕)
경상북도 영덕군,달산2터널(영덕)
경상북도 영덕군,달산2터널(상주)
경상북도 영덕군,달산3터널(상주)
경상북도 영덕군,달산3터널(영덕)
경상북도 영덕군,영덕터널(영덕)
경상북도 영덕군,영덕터널(상주)
경상북도 영덕군,달산1터널(상주)
경상북도 영덕군,달산1터널(영덕)
경상북도 영덕군,달산2터널(상주)
경상북도 영덕군,달산2터널(영덕)
경상북도 영덕군,달산3터널(상주)
경상북도 영덕군,달산3터널(영덕)
경상북도 영덕군,영덕터널(상주)
경상북도 영덕군,영덕터널(영덕)
경상북도 영덕군,지품10터널(상주)
경상북도 영덕군,지품10터널(영덕)
경상북도 영덕군,지품2터널(상주)
경상북도 영덕군,지품2터널(영덕)
경상북도 영덕군,지품3터널(상주)
경상북도 영덕군,지품3터널(영덕)
경상북도 영덕군,지품4터널(상주)
경상북도 영덕군,지품4터널(영덕)
경상북도 영덕군,지품5터널(영덕)
경상북도 영덕군,지품6터널(상주)
경상북도 영덕군,지품6터널(영덕)
경상북도 영덕군,지품7터널(상주)
경상북도 영덕군,지품7터널(영덕)
경상북도 영덕군,지품8터널(상주)
경상북도 영덕군,지품8터널(영덕)
경상북도 영덕군,지품9터널(상주)
경상북도 영덕군,지품9터널(영덕)
경상북도 영양군,소계터널
경상북도 영양군,청기터널
경상북도 영주시,창락지하차도
경상북도 영주시,나무고개지하차도
경상북도 영주시,봉현터널(춘천)
경상북도 영주시,봉현터널(부산)
경상북도 영주시,죽령터널(부산)
경상북도 영주시,죽령터널(춘천)
경상북도 영주시,봉현터널(부산)
경상북도 영주시,봉현터널(춘천)
경상북도 영주시,죽령터널(부산)
경상북도 영주시,죽령터널(춘천)
경상북도 영천시,임고1터널(포항)
경상북도 영천시,임고1터널(대구)
경상북도 영천시,임고2터널(대구)
경상북도 영천시,임고2터널(포항)
경상북도 영천시,임고3터널(대구)
경상북도 영천시,임고3터널(포항)
경상북도 영천시,임고4터널(포항)
경상북도 영천시,임고4터널(대구)
경상북도 영천시,임고1터널(대구)
경상북도 영천시,임고1터널(포항)
경상북도 영천시,임고2터널(대구)
경상북도 영천시,임고2터널(포항)
경상북도 영천시,임고3터널(대구)
경상북도 영천시,임고3터널(포항)
경상북도 영천시,임고4터널(대구)
경상북도 영천시,임고4터널(포항)
경상북도 예천군,예천지하차도
경상북도 울릉군,통구미터널
경상북도 울릉군,남통터널
경상북도 울릉군,남양터널
경상북도 울릉군,남서터널
경상북도 울릉군,구암터널
경상북도 울릉군,태하터널
경상북도 울릉군,수층터널
경상북도 울릉군,삼막터널
경상북도 울릉군,울릉터널
경상북도 울릉군,관선터널
경상북도 울릉군,와달리터널
경상북도 울릉군,내수전터널
경상북도 의성군,단밀1터널(영덕)
경상북도 의성군,단밀1터널(상주)
경상북도 의성군,단밀2터널(영덕)
경상북도 의성군,단밀2터널(상주)
경상북도 의성군,단밀3터널(영덕)
경상북도 의성군,단밀3터널(상주)
경상북도 의성군,단밀4터널(상주)
경상북도 의성군,단밀4터널(영덕)
경상북도 의성군,안사1터널(상주)
경상북도 의성군,안사1터널(영덕)
경상북도 의성군,안사2터널(영덕)
경상북도 의성군,안사2터널(상주)
경상북도 의성군,안평1터널(영덕)
경상북도 의성군,안평1터널(상주)
경상북도 의성군,안평2터널(영덕)
경상북도 의성군,안평2터널(상주)
경상북도 의성군,단촌1터널(상주)
경상북도 의성군,단촌1터널(영덕)
경상북도 의성군,단촌2터널(영덕)
경상북도 의성군,단촌2터널(상주)
경상북도 의성군,단촌3터널(영덕)
경상북도 의성군,단촌3터널(상주)
경상북도 의성군,단촌4터널(영덕)
경상북도 의성군,단촌4터널(상주)
경상북도 의성군,단밀1터널(상주)
경상북도 의성군,단밀1터널(영덕)
경상북도 의성군,단밀2터널(상주)
경상북도 의성군,단밀2터널(영덕)
경상북도 의성군,단밀3터널(상주)
경상북도 의성군,단밀3터널(영덕)
경상북도 의성군,단밀4터널(상주)
경상북도 의성군,단밀4터널(영덕)
경상북도 의성군,단촌1터널(상주)
경상북도 의성군,단촌1터널(영덕)
경상북도 의성군,단촌2터널(상주)
경상북도 의성군,단촌2터널(영덕)
경상북도 의성군,단촌3터널(상주)
경상북도 의성군,단촌3터널(영덕)
경상북도 의성군,단촌4터널(상주)
경상북도 의성군,단촌4터널(영덕)
경상북도 의성군,안사1터널(상주)
경상북도 의성군,안사1터널(영덕)
경상북도 의성군,안사2터널(상주)
경상북도 의성군,안사2터널(영덕)
경상북도 의성군,안평1터널(상주)
경상북도 의성군,안평1터널(영덕)
경상북도 의성군,안평2터널(상주)
경상북도 의성군,안평2터널(영덕)
경상북도 청도군,팔조령터널(상)
경상북도 청도군,운문터널
경상북도 청도군,청도1터널(상행선)
경상북도 청도군,청도1터널(하행선)
경상북도 청도군,청도2터널(상행선)
경상북도 청도군,돈치재터널
경상북도 청도군,청도1터널(상행선)
경상북도 청도군,청도1터널(하행선)
경상북도 청도군,청도2터널(상행선)
경상북도 청송군,파천1터널(영덕)
경상북도 청송군,파천1터널(상주)
경상북도 청송군,파천2터널(상주)
경상북도 청송군,파천2터널(영덕)
경상북도 청송군,파천3터널(상주)
경상북도 청송군,파천3터널(영덕)
경상북도 청송군,진보터널(영덕)
경상북도 청송군,진보터널(상주)
경상북도 청송군,지품1터널(상주)
경상북도 청송군,지품1터널(영덕)
경상북도 청송군,지품1터널(상주)
경상북도 청송군,지품1터널(영덕)
경상북도 청송군,진보터널(상주)
경상북도 청송군,진보터널(영덕)
경상북도 청송군,파천1터널(상주)
경상북도 청송군,파천1터널(영덕)
경상북도 청송군,파천2터널(상주)
경상북도 청송군,파천2터널(영덕)
경상북도 청송군,파천3터널(상주)
경상북도 청송군,파천3터널(영덕)
경상북도 칠곡군,유학산터널(가산방향)
경상북도 칠곡군,유학산터널(왜관방향)
경상북도 칠곡군,관호지하차도
경상북도 칠곡군,천평지하차도
경상북도 칠곡군,왜관지하차도
경상북도 칠곡군,다부터널(춘천)
경상북도 칠곡군,다부터널(부산)
경상북도 칠곡군,가산터널(춘천)
경상북도 칠곡군,가산터널(부산)
경상북도 칠곡군,가실터널
경상북도 칠곡군,왜관산단터널(상행)
경상북도 칠곡군,왜관산단터널(하행)
경상북도 칠곡군,가산터널(부산)
경상북도 칠곡군,가산터널(춘천)
경상북도 칠곡군,다부터널(부산)
경상북도 칠곡군,다부터널(춘천)
경상북도 포항시 남구,문무대왕5터널(부산)
경상북도 포항시 남구,문무대왕5터널(포항)
경상북도 포항시 남구,오천2터널(부산)
경상북도 포항시 남구,오천3터널(부산)
경상북도 포항시 남구,오천3터널(포항)
경상북도 포항시 남구,오천4터널(부산)
경상북도 포항시 남구,오천4터널(포항)
경상북도 포항시 남구,오천5터널(부산)
경상북도 포항시 남구,오천5터널(포항)
경상북도 포항시 남구,오천6터널(부산)
경상북도 포항시 남구,오천6터널(포항)
경상북도 포항시 남구,오천7터널(부산)
경상북도 포항시 남구,오천7터널(포항)
경상북도 포항시 남구,서원재터널
경상북도 포항시 남구,문무대왕5터널(부산)
경상북도 포항시 남구,문무대왕5터널(포항)
경상북도 포항시 남구,오천2터널(부산)
경상북도 포항시 남구,오천3터널(부산)
경상북도 포항시 남구,오천3터널(포항)
경상북도 포항시 남구,오천4터널(부산)
경상북도 포항시 남구,오천4터널(포항)
경상북도 포항시 남구,오천5터널(부산)
경상북도 포항시 남구,오천5터널(포항)
경상북도 포항시 남구,오천6터널(부산)
경상북도 포항시 남구,오천6터널(포항)
경상북도 포항시 남구,오천7터널(부산)
경상북도 포항시 남구,오천7터널(포항)
경상북도 포항시 북구,서산터널
경상북도 포항시 북구,방장산터널
광주광역시 광산구,신가지하차도
광주광역시 광산구,신창지하차도
광주광역시 광산구,선운지하차도
광주광역시 광산구,산정1지하차도
광주광역시 광산구,수완지하차도
광주광역시 광산구,신덕지하차도
광주광역시 광산구,장수1지하차도
광주광역시 광산구,산월JCT RAMP-G교
광주광역시 광산구,어등터널
광주광역시 광산구,수남터널
광주광역시 광산구,용진터널(상)
광주광역시 광산구,용진터널(하)
광주광역시 광산구,하남2지하차도
광주광역시 광산구,비아지하보차도
광주광역시 광산구,송정지하차도
광주광역시 광산구,어등산호남대터널(광주)
광주광역시 광산구,어등산호남대터널(무안)
광주광역시 광산구,소촌 지하차도
광주광역시 광산구,어등산호남대터널(광주)
광주광역시 광산구,어등산호남대터널(무안)
광주광역시 남구,금당산터널(상)
광주광역시 남구,금당산터널(하)
광주광역시 남구,용산터널
광주광역시 남구,행암터널
광주광역시 남구,효덕지하차도
광주광역시 남구,방림터널
광주광역시 동구,산수터널(상)
광주광역시 동구,산수터널(하)
광주광역시 동구,소태터널(상)
광주광역시 동구,소태터널(하)
광주광역시 동구,지산터널(상)
광주광역시 동구,지산터널(하)
광주광역시 동구,지원터널(상)
광주광역시 동구,지원터널(하)
광주광역시 북구,각화터널
광주광역시 북구,신용지하차도
광주광역시 북구,연제지하차도
광주광역시 북구,운암지하차도
광주광역시 북구,장등터널(상)
광주광역시 북구,장등터널(하)
광주광역시 북구,월출지하차도
광주광역시 북구,죽림지하차도
광주광역시 북구,우석지하차도
광주광역시 서구,송암터널(상)
광주광역시 서구,송암터널(하)
광주광역시 서구,짚봉터널(상)
광주광역시 서구,짚봉터널(하)
광주광역시 서구,서창지하차도
광주광역시 서구,농성지하차도
대구광역시 남구,중동교지하차도
대구광역시 남구,희망교지하차도
대구광역시 달서구,용산 지하차도
대구광역시 달서구,대서지하차도
대구광역시 달서구,수목원지하차도
대구광역시 달서구,앞산터널(범물)
대구광역시 달서구,본리터널(테크노폴리스방향)
대구광역시 달성군,서재지하차도
대구광역시 달성군,쌍계지하차도
대구광역시 달성군,본리터널(수목원방향)
대구광역시 달성군,명곡터널(수목원방향)
대구광역시 달성군,명곡터널(테크노폴리스방향)
대구광역시 달성군,기세터널(수목원방향)
대구광역시 달성군,김흥1터널(수목원방향)
대구광역시 달성군,김흥1터널(테크노폴리스방향)
대구광역시 달성군,기세터널(테크노폴리스방향)
대구광역시 달성군,김흥2터널(수목원방향)
대구광역시 달성군,김흥2터널(테크노폴리스방향)
대구광역시 달성군,초곡터널(수목원방향)
대구광역시 달성군,초곡터널(테크노폴리스방향)
대구광역시 달성군,대리터널
대구광역시 달성군,팔조령터널(하)
대구광역시 달성군,옥포지하차도
대구광역시 달성군,달성2터널(대구)
대구광역시 달성군,달성2터널(창원)
대구광역시 달성군,(구)달성터널
대구광역시 달성군,달성1터널(대구)
대구광역시 달성군,달성1터널(창원)
대구광역시 달성군,도동서원터널
대구광역시 달성군,(구)달성터널
대구광역시 달성군,달성1터널(대구)
대구광역시 달성군,달성1터널(창원)
대구광역시 달성군,달성2터널(대구)
대구광역시 달성군,달성2터널(창원)
대구광역시 동구,공산터널(상)
대구광역시 동구,공산터널(하)
대구광역시 동구,불로지하차도
대구광역시 동구,봉무지하차도
대구광역시 동구,신암지하차도
대구광역시 동구,각산지하차도
대구광역시 동구,효목네거리지하차도
대구광역시 동구,신서지하차도
대구광역시 동구,율하지하차도
대구광역시 동구,도평터널(포항)
대구광역시 동구,도평터널(대구)
대구광역시 동구,백안터널(대구)
대구광역시 동구,백안터널(포항)
대구광역시 동구,와촌터널(포항)
대구광역시 동구,와촌터널(대구)
대구광역시 동구,강촌지하도
대구광역시 동구,해서지하차도
대구광역시 동구,도평터널(대구)
대구광역시 동구,도평터널(포항)
대구광역시 동구,백안터널(대구)
대구광역시 동구,백안터널(포항)
대구광역시 동구,와촌터널(대구)
대구광역시 동구,와촌터널(포항)
대구광역시 북구,국우터널(상)
대구광역시 북구,국우터널(하)
대구광역시 북구,서변지하차도
대구광역시 북구,칠곡지하차도
대구광역시 북구,매천시장지하차도
대구광역시 북구,칠성지하차도
대구광역시 북구,대구역지하차도
대구광역시 북구,고촌지하차도
대구광역시 북구,태평지하차도
대구광역시 북구,경대교지하차도
대구광역시 북구,도청교지하차도
대구광역시 북구,성북교지하차도
대구광역시 북구,침산교지하차도
대구광역시 북구,농수산지하차도
대구광역시 북구,금호터널(춘천)
대구광역시 북구,금호터널(부산)
대구광역시 북구,읍내터널(춘천)
대구광역시 북구,읍내터널(부산)
대구광역시 북구,금호터널(부산)
대구광역시 북구,금호터널(춘천)
대구광역시 북구,읍내터널(부산)
대구광역시 북구,읍내터널(춘천)
대구광역시 서구,새방지하차도
대구광역시 서구,상리지하차도
대구광역시 서구,서평지하차도
대구광역시 서구,평리지하차도
대구광역시 서구,비산지하차도
대구광역시 서구,매천대교지하차도
대구광역시 서구,팔달교지하차도
대구광역시 수성구,두리봉터널(상)
대구광역시 수성구,두리봉터널(하)
대구광역시 수성구,월드컵지하차도
대구광역시 수성구,연호지하차도
대구광역시 수성구,신천좌안제1지하차도
대구광역시 수성구,신천좌안제2지하차도
대구광역시 수성구,범물터널(범물)
대구광역시 수성구,범물터널(상인)
대구광역시 수성구,앞산터널(상인)
대구광역시 수성구,무학터널(상)
대구광역시 수성구,무학터널(하)
대구광역시 수성구,가천지하차도
대구광역시 수성구,망우공원지하차도
대구광역시 수성구,망우당네거리지하차도
대구광역시 수성구,매호지하차도
대구광역시 수성구,가천지하차도
대구광역시 수성구,망우공원지하차도
대구광역시 수성구,망우당네거리지하차도
대구광역시 수성구,매호지하차도
대구광역시 중구,원대지하차도
대구광역시 중구,대봉교지하차도
대구광역시 중구,동신교지하차도
대구광역시 중구,수성교지하차도
대구광역시 중구,신천교지하차도
대전광역시 대덕구,대전터널(상)
대전광역시 대덕구,대전터널(하)
대전광역시 대덕구,양지터널
대전광역시 대덕구,가양비래터널(상)
대전광역시 대덕구,가양비래터널(하)
대전광역시 대덕구,비래지하차도
대전광역시 대덕구,신탄진굴다리
대전광역시 대덕구,대전터널(부산)
대전광역시 대덕구,대전터널(서울)
대전광역시 대덕구,대전터널(부산)
대전광역시 대덕구,대전터널(서울)
대전광역시 동구,용운터널(상)
대전광역시 동구,용운터널(하)
대전광역시 동구,곤룡터널
대전광역시 동구,대동지하차도
대전광역시 동구,대전역지하차도
대전광역시 동구,성남지하차도
대전광역시 동구,현암지하차도
대전광역시 동구,홍도지하차도
대전광역시 동구,동산지하차도
대전광역시 동구,삼성지하차도
대전광역시 동구,신흥지하차도
대전광역시 동구,원동지하차도
대전광역시 동구,인동지하차도
대전광역시 동구,천동지하차도
대전광역시 동구,효동지하차도
대전광역시 동구,가오지하차도
대전광역시 동구,판암지하차도
대전광역시 동구,증약터널(부산)
대전광역시 동구,증약터널(서울)
대전광역시 동구,증약터널(부산)
대전광역시 동구,증약터널(서울)
대전광역시 서구,갑천지하차도
대전광역시 서구,계룡로지하차도
대전광역시 서구,도마지하차도
대전광역시 서구,둔산지하차도
대전광역시 서구,만년지하차도
대전광역시 서구,문예지하차도
대전광역시 서구,삼천지하차도
대전광역시 서구,오량지하차도
대전광역시 서구,정부청사지하차도
대전광역시 서구,한밭지하차도
대전광역시 서구,엑스포지하차도
대전광역시 서구,만년2지하차도
대전광역시 서구,가수원터널
대전광역시 서구,관저지하차도
대전광역시 서구,갈마지하차도
대전광역시 서구,탄방지하차도
대전광역시 서구,구봉터널(산내)
대전광역시 서구,구봉터널(서대전)
대전광역시 서구,안영1터널(서대전)
대전광역시 서구,안영1터널(산내)
대전광역시 서구,구봉터널(산내)
대전광역시 서구,구봉터널(서대전)
대전광역시 서구,안영1터널(산내)
대전광역시 서구,안영1터널(서대전)
대전광역시 유성구,대덕터널(상)
대전광역시 유성구,대덕터널(하)
대전광역시 유성구,노은지하차도
대전광역시 유성구,도안지하차도
대전광역시 유성구,상대지하차도
대전광역시 유성구,옥녀봉지하차도
대전광역시 유성구,월드컵지하차도
대전광역시 유성구,유성지하차도
대전광역시 유성구,진터지하차도
대전광역시 유성구,엑스포지하차도
대전광역시 유성구,도솔터널(상)
대전광역시 유성구,도솔터널(하)
대전광역시 유성구,둔곡터널(대전방향)
대전광역시 유성구,둔곡터널(세종방향)
대전광역시 유성구,오봉터널(세종방향)
대전광역시 유성구,오봉터널(대전방향)
대전광역시 유성구,덕진터널
대전광역시 유성구,유성터널(당진)
대전광역시 유성구,유성터널(대전)
대전광역시 유성구,유성터널(당진)
대전광역시 유성구,유성터널(대전)
대전광역시 중구,중촌지하차도
대전광역시 중구,산성지하차도
대전광역시 중구,태평지하차도
대전광역시 중구,안영2터널(산내)
대전광역시 중구,안영2터널(서대전)
대전광역시 중구,구완터널(산내)
대전광역시 중구,구완터널(서대전)
대전광역시 중구,구완터널(산내)
대전광역시 중구,구완터널(서대전)
대전광역시 중구,안영2터널(산내)
대전광역시 중구,안영2터널(서대전)
부산광역시 강서구,금호지하차도
부산광역시 강서구,대상지하차도
부산광역시 강서구,명지동진 지하차도
부산광역시 강서구,가덕터널
부산광역시 강서구,가덕해저터널(거제)
부산광역시 강서구,중죽도터널(부산)
부산광역시 강서구,중죽도터널(거제)
부산광역시 강서구,가덕해저터널(부산)
부산광역시 강서구,가덕터널(부산방향)
부산광역시 강서구,미음터널(상행)
부산광역시 강서구,미음터널(하행)
부산광역시 강서구,녹산터널(상행)
부산광역시 강서구,녹산터널(하행)
부산광역시 강서구,감현2교 지하차도
부산광역시 금정구,(구)오륜터널(상)
부산광역시 금정구,(구)오륜터널(하)
부산광역시 금정구,(신)오륜터널(상)
부산광역시 금정구,(신)오륜터널(하)
부산광역시 금정구,장전지하차도
부산광역시 금정구,장전지하차도
부산광역시 금정구,윤산터널
부산광역시 금정구,윤산터널 상행선
부산광역시 금정구,윤산터널 하행선
부산광역시 금정구,구서 지하차도
부산광역시 금정구,구서 지하차도
부산광역시 기장군,곰내터널(상)
부산광역시 기장군,곰내터널(하)
부산광역시 기장군,개좌터널(상)
부산광역시 기장군,개좌터널(하)
부산광역시 기장군,두명터널(상행)
부산광역시 기장군,방곡터널(상행)
부산광역시 기장군,연화터널(상)청강리방면
부산광역시 기장군,연화터널(하)연화리방면
부산광역시 기장군,두명터널(하행)
부산광역시 기장군,방곡터널(하행)
부산광역시 기장군,삼성1 지하차도
부산광역시 기장군,기장1터널(부산)
부산광역시 기장군,기장1터널(울산)
부산광역시 기장군,기장2터널(울산)
부산광역시 기장군,기장2터널(부산)
부산광역시 기장군,일광터널(부산)
부산광역시 기장군,일광터널(울산)
부산광역시 기장군,철마1터널(창원)
부산광역시 기장군,철마1터널(기장)
부산광역시 기장군,철마2터널(기장)
부산광역시 기장군,철마2터널(창원)
부산광역시 기장군,철마3터널(기장)
부산광역시 기장군,철마3터널(창원)
부산광역시 기장군,철마4터널(기장)
부산광역시 기장군,철마4터널(창원)
부산광역시 기장군,기장1터널(부산)
부산광역시 기장군,기장1터널(울산)
부산광역시 기장군,기장2터널(부산)
부산광역시 기장군,기장2터널(울산)
부산광역시 기장군,일광터널(부산)
부산광역시 기장군,일광터널(울산)
부산광역시 기장군,철마1터널(기장)
부산광역시 기장군,철마1터널(창원)
부산광역시 기장군,철마2터널(기장)
부산광역시 기장군,철마2터널(창원)
부산광역시 기장군,철마3터널(기장)
부산광역시 기장군,철마3터널(창원)
부산광역시 기장군,철마4터널(기장)
부산광역시 기장군,철마4터널(창원)
부산광역시 남구,황령터널(상)
부산광역시 남구,대연터널(상)
부산광역시 남구,대연터널(하)
부산광역시 남구,문현터널(상)
부산광역시 남구,문현터널(하)
부산광역시 남구,대남 지하차도
부산광역시 남구,신선대지하차도
부산광역시 남구,문현지하차도
부산광역시 동구,수정터널(상)
부산광역시 동구,수정터널(하)
부산광역시 동구,초량 제1지하차도
부산광역시 동구,초량 제2지하차도
부산광역시 동구,부산진시장 지하차도
부산광역시 동래구,만덕제2터널(상)
부산광역시 동래구,제2만덕터널(하행선)
부산광역시 동래구,내성 지하차도
부산광역시 동래구,안락 지하차도
부산광역시 동래구,우장춘 지하차도
부산광역시 동래구,우장춘 지하차도
부산광역시 동래구,내성 지하차도
부산광역시 동래구,안락 지하차도
부산광역시 부산진구,황령터널(하)
부산광역시 부산진구,가야감고개공원 복개구조물
부산광역시 부산진구,범천지하차도
부산광역시 부산진구,범일지하도
부산광역시 북구,만덕제1터널
부산광역시 북구,와석지하차도
부산광역시 북구,산성터널(화명IC방향)
부산광역시 북구,산성터널(회동IC방향)
부산광역시 북구,금정산터널(기장)
부산광역시 북구,금정산터널(창원)
부산광역시 북구,북구경계 지하차도
부산광역시 북구,화명2 지하차도
부산광역시 북구,화명5 지하차도
부산광역시 북구,북구경계 지하보차도
부산광역시 북구,구남 굴다리
부산광역시 북구,금정산터널(기장)
부산광역시 북구,금정산터널(창원)
부산광역시 사상구,구덕터널(상)
부산광역시 사상구,백양터널(상)
부산광역시 사상구,구덕터널(하)
부산광역시 사상구,백양터널(하)
부산광역시 사상구,주례지하차도
부산광역시 사상구,주례지하차도
부산광역시 사상구,자유아파트 지하차도
부산광역시 사상구,한일시멘트 지하차도
부산광역시 사상구,괘법동 지하차도
부산광역시 사상구,주례우체국 뒤 지하차도
부산광역시 사상구,보훈병원 지하차도 1
부산광역시 사상구,보훈병원 지하차도 3
부산광역시 사상구,보훈병원 지하차도1
부산광역시 사상구,보훈병원 지하차도3
부산광역시 사상구,주례우체국뒤 지하차도
부산광역시 사상구,감현2교 지하보차도
부산광역시 사하구,감천지하차도
부산광역시 사하구,두송대선터널(상)
부산광역시 사하구,두송대선터널(하)
부산광역시 서구,대티터널(상)
부산광역시 서구,대티터널(하)
부산광역시 서구,천마터널(상행)
부산광역시 서구,천마터널(하행)
부산광역시 수영구,광안터널(상)
부산광역시 수영구,광안터널(하)
부산광역시 수영구,수영터널(상)
부산광역시 수영구,수영터널(하)
부산광역시 연제구,연산터널(토곡)
부산광역시 연제구,연산터널(연산R)
부산광역시 중구,부산터널(하)
부산광역시 중구,부산터널(상)
부산광역시 해운대구,장산제1터널(상)
부산광역시 해운대구,장산제1터널(하)
부산광역시 해운대구,장산제2터널(상)
부산광역시 해운대구,장산제2터널(하)
부산광역시 해운대구,송정터널(상)
부산광역시 해운대구,송정터널(하)
부산광역시 해운대구,수영강변 지하차도
부산광역시 해운대구,우동 지하차도
부산광역시 해운대구,좌동 지하차도
부산광역시 해운대구,부산센텀시티 지하차도
부산광역시 해운대구,해운대터널(부산)
부산광역시 해운대구,해운대터널(울산)
부산광역시 해운대구,원동IC 인근 지하차도
부산광역시 해운대구,중동지하차도
부산광역시 해운대구,센텀지하차도
부산광역시 해운대구,해운대터널(부산)
부산광역시 해운대구,해운대터널(울산)
울산광역시 남구,명촌강남지하차도
울산광역시 남구,번영교강남 지하차도
울산광역시 남구,삼산지하차도
울산광역시 남구,삼호지하차도
울산광역시 남구,옥현지하차도
울산광역시 남구,학성교강남 지하차도
울산광역시 남구,선암터널(울산IC 방향)
울산광역시 남구,선암터널(울산항 방향)
울산광역시 남구,신선터널(울산IC 방향)
울산광역시 남구,신선터널(울산항 방향)
울산광역시 남구,여천천지하차도
울산광역시 남구,무거터널
울산광역시 동구,대송지하차도
울산광역시 동구,예전개방형BOX
울산광역시 동구,마성터널(상)
울산광역시 동구,마성터널(하)
울산광역시 동구,대교터널(상)
울산광역시 동구,대교터널(하)
울산광역시 동구,염포산1터널
울산광역시 동구,염포산2터널
울산광역시 북구,명촌IC 1지하차도
울산광역시 북구,명촌IC 2지하차도
울산광역시 북구,명촌본선지하차도
울산광역시 북구,상방지하차도
울산광역시 북구,화봉지하차도
울산광역시 북구,중산지구지하차도
울산광역시 북구,구남지하차도
울산광역시 북구,순금산터널
울산광역시 울주군,다전터널(상)
울산광역시 울주군,다전터널(하)
울산광역시 울주군,반천산단진입도로 지하차도
울산광역시 울주군,온산터널(상)
울산광역시 울주군,부로산터널
울산광역시 울주군,온산터널(하)
울산광역시 울주군,덕산터널
울산광역시 울주군,율리터널
울산광역시 울주군,배내터널
울산광역시 울주군,처용지하차도(상)
울산광역시 울주군,처용지하차도(하)
울산광역시 울주군,신불산터널(함양)
울산광역시 울주군,신불산터널(울산)
울산광역시 울주군,삼동1터널(함양)
울산광역시 울주군,삼동1터널(울산)
울산광역시 울주군,삼동2터널(함양)
울산광역시 울주군,삼동2터널(울산)
울산광역시 울주군,삼동3터널(함양)
울산광역시 울주군,삼동3터널(울산)
울산광역시 울주군,삼동4터널(함양)
울산광역시 울주군,삼동4터널(울산)
울산광역시 울주군,웅촌1터널(울산)
울산광역시 울주군,웅촌2터널(울산)
울산광역시 울주군,웅촌3터널(함양)
울산광역시 울주군,웅촌3터널(울산)
울산광역시 울주군,청량터널(함양)
울산광역시 울주군,청량터널(울산)
울산광역시 울주군,웅촌1터널(함양)
울산광역시 울주군,웅촌2터널(함양)
울산광역시 울주군,온양터널(부산)
울산광역시 울주군,온양터널(울산)
울산광역시 울주군,문수터널(부산)
울산광역시 울주군,문수터널(울산)
울산광역시 울주군,다운4터널(부산)
울산광역시 울주군,범서1터널(부산)
울산광역시 울주군,범서2터널(부산)
울산광역시 울주군,범서2터널(포항)
울산광역시 울주군,범서3터널(포항)
울산광역시 울주군,범서3터널(부산)
울산광역시 울주군,범서4터널(부산)
울산광역시 울주군,외동1터널(부산)
울산광역시 울주군,대안지하차도
울산광역시 울주군,삼동1터널(울산)
울산광역시 울주군,삼동1터널(함양)
울산광역시 울주군,삼동2터널(울산)
울산광역시 울주군,삼동2터널(함양)
울산광역시 울주군,삼동3터널(울산)
울산광역시 울주군,삼동3터널(함양)
울산광역시 울주군,삼동4터널(울산)
울산광역시 울주군,삼동4터널(함양)
울산광역시 울주군,신불산터널(울산)
울산광역시 울주군,신불산터널(함양)
울산광역시 울주군,웅촌1터널(울산)
울산광역시 울주군,웅촌1터널(함양)
울산광역시 울주군,웅촌2터널(울산)
울산광역시 울주군,웅촌2터널(함양)
울산광역시 울주군,웅촌3터널(울산)
울산광역시 울주군,웅촌3터널(함양)
울산광역시 울주군,청량터널(울산)
울산광역시 울주군,청량터널(함양)
울산광역시 울주군,다운4터널(부산)
울산광역시 울주군,문수터널(부산)
울산광역시 울주군,문수터널(울산)
울산광역시 울주군,범서1터널(부산)
울산광역시 울주군,범서2터널(부산)
울산광역시 울주군,범서2터널(포항)
울산광역시 울주군,범서3터널(부산)
울산광역시 울주군,범서3터널(포항)
울산광역시 울주군,범서4터널(부산)
울산광역시 울주군,온양터널(부산)
울산광역시 울주군,온양터널(울산)
울산광역시 울주군,외동1터널(부산)
울산광역시 중구,다운터널
울산광역시 중구,동천지하차도
울산광역시 중구,번영교강북 지하차도
울산광역시 중구,우정지하차도
울산광역시 중구,중구청지하차도
울산광역시 중구,학성교강북 지하차도
울산광역시 중구,원유곡지하차도
울산광역시 중구,명정지하차도
울산광역시 중구,다운1터널(포항)
울산광역시 중구,다운1터널(부산)
울산광역시 중구,다운2터널(부산)
울산광역시 중구,다운3터널(포항)
울산광역시 중구,다운3터널(부산)
울산광역시 중구,다운4터널(포항)
울산광역시 중구,범서1터널(포항)
울산광역시 중구,병영성지하차도
울산광역시 중구,다운1터널(부산)
울산광역시 중구,다운1터널(포항)
울산광역시 중구,다운2터널(부산)
울산광역시 중구,다운3터널(부산)
울산광역시 중구,다운3터널(포항)
울산광역시 중구,다운4터널(포항)
울산광역시 중구,범서1터널(포항)
인천광역시 계양구,임학지하차도
인천광역시 계양구,계양지하차도
인천광역시 계양구,용종지하차도
인천광역시 남동구,해안지하차도
인천광역시 남동구,고잔지하차도
인천광역시 남동구,만월산터널(하행선)
인천광역시 남동구,매소홀터널(상)
인천광역시 남동구,매소홀터널(하)
인천광역시 남동구,간석지하차도
인천광역시 남동구,인천대공원앞 지하차도
인천광역시 남동구,장수지하차도
인천광역시 동구,송현터널
인천광역시 미추홀구,문학터널(하행)
인천광역시 미추홀구,고속종점지하차도
인천광역시 미추홀구,석암지하차도
인천광역시 미추홀구,용현지하차도교
인천광역시 미추홀구,문학지하차도
인천광역시 미추홀구,용현지하차도
인천광역시 부평구,만월산터널(상행선)
인천광역시 부평구,원적산 생태터널
인천광역시 부평구,굴포천역지하차도
인천광역시 부평구,동수지하차도
인천광역시 부평구,동암굴다리
인천광역시 서구,중봉지하차도
인천광역시 서구,청라지하차도
인천광역시 서구,루원지하차도
인천광역시 서구,석남지하차도
인천광역시 서구,왕길지하차도
인천광역시 서구,봉수지하차도
인천광역시 서구,검단신도시 터널(계양방향)
인천광역시 서구,"검단신도시 터널(불로,마전방향)"
인천광역시 서구,원적산터널
인천광역시 서구,원신터널
인천광역시 서구,징매이터널
인천광역시 서구,인천북항터널(인천)
인천광역시 서구,인천북항터널개착BOX(종점부)
인천광역시 서구,호수공원 1 지하차도
인천광역시 서구,호수공원 2 지하차도
인천광역시 서구,청라1지하차도
인천광역시 서구,청라2지하차도
인천광역시 서구,청라3지하차도
인천광역시 서구,원창지하차도(김포)
인천광역시 서구,원창지하차도(인천)
인천광역시 서구,인천북항터널(인천)
인천광역시 서구,인천북항터널개착BOX(종점부)
인천광역시 서구,청라국제지하차도
인천광역시 연수구,문학터널(상행)
인천광역시 연수구,청량터널(문학방향)
인천광역시 연수구,용담지하차도
인천광역시 연수구,동춘지하차도
인천광역시 연수구,송도지하차도
인천광역시 연수구,옥련터널
인천광역시 연수구,청량터널(송도방향)
인천광역시 연수구,동춘터널
인천광역시 연수구,옹암지하차도
인천광역시 연수구,옥련터널
인천광역시 연수구,옥련터널
인천광역시 중구,두빛나래 지하차도
인천광역시 중구,해찬나래지하차도
인천광역시 중구,그린나래지하차도
인천광역시 중구,푸른나래지하차도
인천광역시 중구,오성1 터널(남북지방향)
인천광역시 중구,오성2 터널(남북지방향)
인천광역시 중구,오성1터널(용유역방향)
인천광역시 중구,오성2터널(용유역방향)
인천광역시 중구,넘말터널
인천광역시 중구,탑상녹지연결통로터널
인천광역시 중구,수뱅이골녹지연결통로터널
인천광역시 중구,반남디터널
인천광역시 중구,달빛터널
인천광역시 중구,해오름터널
인천광역시 중구,인천북항터널(김포)
인천광역시 중구,인천북항터널개착BOX(시점부)
인천광역시 중구,삼목 지하차도
인천광역시 중구,인천북항터널(김포)
인천광역시 중구,인천북항터널개착BOX(시점부)
전라남도 강진군,강진1터널(순천)
전라남도 강진군,강진1터널(영암)
전라남도 강진군,강진2터널(순천)
전라남도 강진군,강진2터널(영암)
전라남도 강진군,강진3터널(순천)
전라남도 강진군,강진3터널(영암)
전라남도 강진군,강진4터널(순천)
전라남도 강진군,강진4터널(영암)
전라남도 강진군,강진1터널(순천)
전라남도 강진군,강진1터널(영암)
전라남도 강진군,강진2터널(순천)
전라남도 강진군,강진2터널(영암)
전라남도 강진군,강진3터널(순천)
전라남도 강진군,강진3터널(영암)
전라남도 강진군,강진4터널(순천)
전라남도 강진군,강진4터널(영암)
전라남도 고흥군,용정지하차도
전라남도 고흥군,고흥터널(순천)
전라남도 고흥군,고흥터널(영암)
전라남도 고흥군,나로터널
전라남도 고흥군,고흥터널(순천)
전라남도 고흥군,고흥터널(영암)
전라남도 곡성군,석곡터널(순천)
전라남도 곡성군,석곡터널(천안)
전라남도 곡성군,석곡터널(순천)
전라남도 곡성군,석곡터널(천안)
전라남도 광양시,봉강터널
전라남도 광양시,정산지하차도
전라남도 광양시,광양터널(순천)
전라남도 광양시,광양터널(부산)
전라남도 광양시,태방터널(완주)
전라남도 광양시,태방터널(순천)
전라남도 광양시,중마터널(하)
전라남도 광양시,가야터널
전라남도 광양시,서천도월지하차도
전라남도 광양시,정산터널(상)
전라남도 광양시,정산터널(하)
전라남도 광양시,중마터널(상)
전라남도 광양시,지동터널
전라남도 광양시,광양터널(부산)
전라남도 광양시,광양터널(순천)
전라남도 광양시,태방터널(순천)
전라남도 광양시,태방터널(완주)
전라남도 구례군,구례1터널(순천)
전라남도 구례군,구례1터널(완주)
전라남도 구례군,구례2터널(완주)
전라남도 구례군,구례2터널(순천)
전라남도 구례군,용방1터널(완주)
전라남도 구례군,용방1터널(순천)
전라남도 구례군,용방2터널(완주)
전라남도 구례군,용방2터널(순천)
전라남도 구례군,천마터널(완주)
전라남도 구례군,천마터널(순천)
전라남도 구례군,구례1터널(순천)
전라남도 구례군,구례1터널(완주)
전라남도 구례군,구례2터널(순천)
전라남도 구례군,구례2터널(완주)
전라남도 구례군,용방1터널(순천)
전라남도 구례군,용방1터널(완주)
전라남도 구례군,용방2터널(순천)
전라남도 구례군,용방2터널(완주)
전라남도 구례군,천마터널(순천)
전라남도 구례군,천마터널(완주)
전라남도 나주시,문평1터널(광주)
전라남도 나주시,문평1터널(무안)
전라남도 나주시,문평2터널(광주)
전라남도 나주시,문평2터널(무안)
전라남도 나주시,문평3터널(광주)
전라남도 나주시,문평3터널(무안)
전라남도 나주시,문평4터널(광주)
전라남도 나주시,문평4터널(무안)
전라남도 나주시,문평5터널(광주)
전라남도 나주시,문평5터널(무안)
전라남도 나주시,노안터널(광주)
전라남도 나주시,노안터널(무안)
전라남도 나주시,노안터널(광주)
전라남도 나주시,노안터널(무안)
전라남도 나주시,문평1터널(광주)
전라남도 나주시,문평1터널(무안)
전라남도 나주시,문평2터널(광주)
전라남도 나주시,문평2터널(무안)
전라남도 나주시,문평3터널(광주)
전라남도 나주시,문평3터널(무안)
전라남도 나주시,문평4터널(광주)
전라남도 나주시,문평4터널(무안)
전라남도 나주시,문평5터널(광주)
전라남도 나주시,문평5터널(무안)
전라남도 담양군,유둔재터널
전라남도 담양군,담양2터널(대구)
전라남도 담양군,담양2터널(광주)
전라남도 담양군,담양1터널(광주)
전라남도 담양군,담양1터널(대구)
전라남도 담양군,대덕터널(순천)
전라남도 담양군,대덕터널(천안)
전라남도 담양군,송강정터널(고창)
전라남도 담양군,송강정터널(담양)
전라남도 담양군,담양1터널(광주)
전라남도 담양군,담양1터널(대구)
전라남도 담양군,담양2터널(광주)
전라남도 담양군,담양2터널(대구)
전라남도 담양군,대덕터널(순천)
전라남도 담양군,대덕터널(천안)
전라남도 담양군,송강정터널(고창)
전라남도 담양군,송강정터널(담양)
전라남도 목포시,양을산터널
전라남도 목포시,옥암지하차도
전라남도 무안군,보평터널(광주)
전라남도 무안군,보평터널(무안)
전라남도 무안군,몽탄3터널(목포)
전라남도 무안군,몽탄3터널(서울)
전라남도 무안군,몽탄2터널(목포)
전라남도 무안군,몽탄2터널(서울)
전라남도 무안군,몽탄1터널(목포)
전라남도 무안군,몽탄1터널(서울)
전라남도 무안군,무안4터널(서울)
전라남도 무안군,무안4터널(목포)
전라남도 무안군,무안3터널(목포)
전라남도 무안군,무안3터널(서울)
전라남도 무안군,무안2터널(서울)
전라남도 무안군,무안2터널(목포)
전라남도 무안군,무안1터널(목포)
전라남도 무안군,무안1터널(서울)
전라남도 무안군,오룡지하차도
전라남도 무안군,보평터널(광주)
전라남도 무안군,보평터널(무안)
전라남도 무안군,몽탄1터널(목포)
전라남도 무안군,몽탄1터널(서울)
전라남도 무안군,몽탄2터널(목포)
전라남도 무안군,몽탄2터널(서울)
전라남도 무안군,몽탄3터널(목포)
전라남도 무안군,몽탄3터널(서울)
전라남도 무안군,무안1터널(목포)
전라남도 무안군,무안1터널(서울)
전라남도 무안군,무안2터널(목포)
전라남도 무안군,무안2터널(서울)
전라남도 무안군,무안3터널(목포)
전라남도 무안군,무안3터널(서울)
전라남도 무안군,무안4터널(목포)
전라남도 무안군,무안4터널(서울)
전라남도 보성군,보성터널(순천)
전라남도 보성군,보성터널(영암)
전라남도 보성군,노동1터널(순천)
전라남도 보성군,노동1터널(영암)
전라남도 보성군,노동2터널(순천)
전라남도 보성군,노동2터널(영암)
전라남도 보성군,미력1터널(순천)
전라남도 보성군,미력1터널(영암)
전라남도 보성군,미력2터널(순천)
전라남도 보성군,초암산터널(순천)
전라남도 보성군,초암산터널(영암)
전라남도 보성군,조성1터널(순천)
전라남도 보성군,조성1터널(영암)
전라남도 보성군,조성2터널(순천)
전라남도 보성군,조성2터널(영암)
전라남도 보성군,벌교1터널(순천)
전라남도 보성군,벌교1터널(영암)
전라남도 보성군,벌교2터널(순천)
전라남도 보성군,벌교2터널(영암)
전라남도 보성군,벌교3터널(순천)
전라남도 보성군,벌교3터널(영암)
전라남도 보성군,호동터널(순천)
전라남도 보성군,호동터널(영암)
전라남도 보성군,노동1터널(순천)
전라남도 보성군,노동1터널(영암)
전라남도 보성군,노동2터널(순천)
전라남도 보성군,노동2터널(영암)
전라남도 보성군,미력1터널(순천)
전라남도 보성군,미력1터널(영암)
전라남도 보성군,미력2터널(순천)
전라남도 보성군,벌교1터널(순천)
전라남도 보성군,벌교1터널(영암)
전라남도 보성군,벌교2터널(순천)
전라남도 보성군,벌교2터널(영암)
전라남도 보성군,벌교3터널(순천)
전라남도 보성군,벌교3터널(영암)
전라남도 보성군,보성터널(순천)
전라남도 보성군,보성터널(영암)
전라남도 보성군,조성1터널(순천)
전라남도 보성군,조성1터널(영암)
전라남도 보성군,조성2터널(순천)
전라남도 보성군,조성2터널(영암)
전라남도 보성군,초암산터널(순천)
전라남도 보성군,초암산터널(영암)
전라남도 보성군,호동터널(순천)
전라남도 보성군,호동터널(영암)
전라남도 순천시,황전터널
전라남도 순천시,별량1터널(순천)
전라남도 순천시,별량2터널(순천)
전라남도 순천시,별량2터널(영암)
전라남도 순천시,별량3터널(순천)
전라남도 순천시,별량3터널(영암)
전라남도 순천시,해룡터널(순천)
전라남도 순천시,해룡터널(영암)
전라남도 순천시,순천2터널(천안)
전라남도 순천시,순천2터널(순천)
전라남도 순천시,순천1터널(순천)
전라남도 순천시,순천1터널(천안)
전라남도 순천시,서면1터널(순천)
전라남도 순천시,서면1터널(완주)
전라남도 순천시,서면2터널(완주)
전라남도 순천시,서면2터널(순천)
전라남도 순천시,서면3터널(순천)
전라남도 순천시,서면3터널(완주)
전라남도 순천시,서면4터널(순천)
전라남도 순천시,서면4터널(완주)
전라남도 순천시,서면5터널(완주)
전라남도 순천시,서면5터널(순천)
전라남도 순천시,황전1터널(완주)
전라남도 순천시,황전1터널(순천)
전라남도 순천시,황전2터널(순천)
전라남도 순천시,황전2터널(완주)
전라남도 순천시,황전3터널(완주)
전라남도 순천시,황전3터널(순천)
전라남도 순천시,봉화터널
전라남도 순천시,장천지하도
전라남도 순천시,풍덕지하도
전라남도 순천시,조례지하도
전라남도 순천시,가산터널(팔마방향)
전라남도 순천시,가산터널(신대방향)
전라남도 순천시,별량1터널(순천)
전라남도 순천시,별량2터널(순천)
전라남도 순천시,별량2터널(영암)
전라남도 순천시,별량3터널(순천)
전라남도 순천시,별량3터널(영암)
전라남도 순천시,해룡터널(순천)
전라남도 순천시,해룡터널(영암)
전라남도 순천시,순천1터널(순천)
전라남도 순천시,순천1터널(천안)
전라남도 순천시,순천2터널(순천)
전라남도 순천시,순천2터널(천안)
전라남도 순천시,서면1터널(순천)
전라남도 순천시,서면1터널(완주)
전라남도 순천시,서면2터널(순천)
전라남도 순천시,서면2터널(완주)
전라남도 순천시,서면3터널(순천)
전라남도 순천시,서면3터널(완주)
전라남도 순천시,서면4터널(순천)
전라남도 순천시,서면4터널(완주)
전라남도 순천시,서면5터널(순천)
전라남도 순천시,서면5터널(완주)
전라남도 순천시,황전1터널(순천)
전라남도 순천시,황전1터널(완주)
전라남도 순천시,황전2터널(순천)
전라남도 순천시,황전2터널(완주)
전라남도 순천시,황전3터널(순천)
전라남도 순천시,황전3터널(완주)
전라남도 승주군,별량1터널(영암)
전라남도 승주군,별량1터널(영암)
전라남도 여수시,세포터널(나진방면)상행
전라남도 여수시,세포터널(화양방면)하행
전라남도 여수시,원포터널(나진방면)상행
전라남도 여수시,원포터널(화양방면)하행
전라남도 여수시,죽림터널(순천방향)
전라남도 여수시,죽림터널(화양방향)
전라남도 여수시,엑스포지하차도
전라남도 여수시,마래2터널
전라남도 여수시,한재1터널
전라남도 여수시,한재2터널
전라남도 여수시,석창지하차도
전라남도 여수시,한구미터널(기존기지방향)
전라남도 여수시,둔덕2터널
전라남도 여수시,박람회터널
전라남도 여수시,소호터널
전라남도 여수시,한구미터널(추가기지방향)
전라남도 여수시,한재터널
전라남도 여수시,한재2터널
전라남도 영광군,단주지하차도(상)
전라남도 영광군,영광2터널(서울)
전라남도 영광군,영광2터널(목포)
전라남도 영광군,영광1터널(목포)
전라남도 영광군,영광1터널(서울)
전라남도 영광군,단주지하차도(하)
전라남도 영광군,영광1터널(목포)
전라남도 영광군,영광1터널(서울)
전라남도 영광군,영광2터널(목포)
전라남도 영광군,영광2터널(서울)
전라남도 영암군,여운재터널
전라남도 영암군,영암1터널(순천)
전라남도 영암군,영암1터널(영암)
전라남도 영암군,영암2터널(순천)
전라남도 영암군,영암2터널(영암)
전라남도 영암군,영암3터널(순천)
전라남도 영암군,영암3터널(영암)
전라남도 영암군,밤재터널(순천)
전라남도 영암군,밤재터널(영암)
전라남도 영암군,밤재터널(순천)
전라남도 영암군,밤재터널(영암)
전라남도 영암군,영암1터널(순천)
전라남도 영암군,영암1터널(영암)
전라남도 영암군,영암2터널(순천)
전라남도 영암군,영암2터널(영암)
전라남도 영암군,영암3터널(순천)
전라남도 영암군,영암3터널(영암)
전라남도 장성군,원덕터널(천안)
전라남도 장성군,원덕터널(순천)
전라남도 장성군,못재터널(천안)
전라남도 장성군,못재터널(순천)
전라남도 장성군,장성1터널(담양)
전라남도 장성군,장성1터널(고창)
전라남도 장성군,장성2터널(고창)
전라남도 장성군,장성2터널(담양)
전라남도 장성군,장성3터널(담양)
전라남도 장성군,장성3터널(고창)
전라남도 장성군,장성4터널(고창)
전라남도 장성군,장성4터널(담양)
전라남도 장성군,장성 지하차도
전라남도 장성군,못재터널(순천)
전라남도 장성군,못재터널(천안)
전라남도 장성군,원덕터널(순천)
전라남도 장성군,원덕터널(천안)
전라남도 장성군,장성1터널(고창)
전라남도 장성군,장성1터널(담양)
전라남도 장성군,장성2터널(고창)
전라남도 장성군,장성2터널(담양)
전라남도 장성군,장성3터널(고창)
전라남도 장성군,장성3터널(담양)
전라남도 장성군,장성4터널(고창)
전라남도 장성군,장성4터널(담양)
전라남도 장흥군,보림터널
전라남도 장흥군,가마태재터널
전라남도 장흥군,가지산터널
전라남도 장흥군,장흥1터널(순천)
전라남도 장흥군,장흥1터널(영암)
전라남도 장흥군,장흥2터널(순천)
전라남도 장흥군,장흥2터널(영암)
전라남도 장흥군,장흥3터널(순천)
전라남도 장흥군,장흥3터널(영암)
전라남도 장흥군,제암산1터널(순천)
전라남도 장흥군,제암산1터널(영암)
전라남도 장흥군,제암산2터널(순천)
전라남도 장흥군,제암산2터널(영암)
전라남도 장흥군,장동1터널(영암)
전라남도 장흥군,장동1터널(순천)
전라남도 장흥군,장동2터널(순천)
전라남도 장흥군,장동2터널(영암)
전라남도 장흥군,장동3터널(순천)
전라남도 장흥군,장동3터널(영암)
전라남도 장흥군,밤재1터널
전라남도 장흥군,밤재2터널
전라남도 장흥군,장동1터널(순천)
전라남도 장흥군,장동1터널(영암)
전라남도 장흥군,장동2터널(순천)
전라남도 장흥군,장동2터널(영암)
전라남도 장흥군,장동3터널(순천)
전라남도 장흥군,장동3터널(영암)
전라남도 장흥군,장흥1터널(순천)
전라남도 장흥군,장흥1터널(영암)
전라남도 장흥군,장흥2터널(순천)
전라남도 장흥군,장흥2터널(영암)
전라남도 장흥군,장흥3터널(순천)
전라남도 장흥군,장흥3터널(영암)
전라남도 장흥군,제암산1터널(순천)
전라남도 장흥군,제암산1터널(영암)
전라남도 장흥군,제암산2터널(순천)
전라남도 장흥군,제암산2터널(영암)
전라남도 함평군,함평나비터널(무안)
전라남도 함평군,함평나비터널(광주)
전라남도 함평군,함평터널(목포)
전라남도 함평군,함평터널(서울)
전라남도 함평군,함평나비터널(광주)
전라남도 함평군,함평나비터널(무안)
전라남도 함평군,함평터널(목포)
전라남도 함평군,함평터널(서울)
전라남도 화순군,땀재터널(상)
전라남도 화순군,땀재터널(하)
전라남도 화순군,칠구재터널(상)
전라남도 화순군,칠구재터널(하)
전라남도 화순군,피암터널(지하차도)
전라북도 고창군,월곡지하차도
전라북도 고창군,고창터널(고창)
전라북도 고창군,고창터널(담양)
전라북도 고창군,문수산터널(고창)
전라북도 고창군,문수산터널(담양)
전라북도 고창군,풍천터널(상)
전라북도 고창군,풍천터널(하)
전라북도 고창군,고창터널(고창)
전라북도 고창군,고창터널(담양)
전라북도 고창군,문수산터널(고창)
전라북도 고창군,문수산터널(담양)
전라북도 군산시,대명터널(목포)
전라북도 군산시,대명터널(서울)
전라북도 군산시,예술의전당 지하차도
전라북도 군산시,금강터널
전라북도 군산시,월명터널
전라북도 군산시,대명터널(목포)
전라북도 군산시,대명터널(서울)
전라북도 김제시,밤티터널
전라북도 김제시,서흥지하차도
전라북도 남원군,남원터널(광주)
전라북도 남원군,산동6터널(대구)
전라북도 남원군,남원터널(광주)
전라북도 남원군,산동6터널(대구)
전라북도 남원시,조산지하차도
전라북도 남원시,남원터널(대구)
전라북도 남원시,산동1터널(광주)
전라북도 남원시,산동1터널(대구)
전라북도 남원시,산동2터널(대구)
전라북도 남원시,산동3터널(광주)
전라북도 남원시,산동3터널(대구)
전라북도 남원시,산동4터널(광주)
전라북도 남원시,산동4터널(대구)
전라북도 남원시,산동5터널(대구)
전라북도 남원시,산동5터널(광주)
전라북도 남원시,산동6터널(광주)
전라북도 남원시,사매1터널(순천)
전라북도 남원시,사매1터널(완주)
전라북도 남원시,사매2터널(완주)
전라북도 남원시,사매2터널(순천)
전라북도 남원시,사매3터널(순천)
전라북도 남원시,사매3터널(완주)
전라북도 남원시,사매4터널(순천)
전라북도 남원시,사매4터널(완주)
전라북도 남원시,남원터널
전라북도 남원시,남원터널(대구)
전라북도 남원시,산동1터널(광주)
전라북도 남원시,산동1터널(대구)
전라북도 남원시,산동2터널(대구)
전라북도 남원시,산동3터널(광주)
전라북도 남원시,산동3터널(대구)
전라북도 남원시,산동4터널(광주)
전라북도 남원시,산동4터널(대구)
전라북도 남원시,산동5터널(광주)
전라북도 남원시,산동5터널(대구)
전라북도 남원시,산동6터널(광주)
전라북도 남원시,사매1터널(순천)
전라북도 남원시,사매1터널(완주)
전라북도 남원시,사매2터널(순천)
전라북도 남원시,사매2터널(완주)
전라북도 남원시,사매3터널(순천)
전라북도 남원시,사매3터널(완주)
전라북도 남원시,사매4터널(순천)
전라북도 남원시,사매4터널(완주)
전라북도 무주군,구천동터널(상)
전라북도 무주군,구천동터널(하)
전라북도 무주군,치목터널(상)
전라북도 무주군,치목터널(하)
전라북도 무주군,삼도봉터널
전라북도 무주군,가림지하차도
전라북도 무주군,오도재터널(하남)
전라북도 무주군,오도재터널(통영)
전라북도 무주군,적상터널(하남)
전라북도 무주군,적상터널(통영)
전라북도 무주군,가옥터널(통영)
전라북도 무주군,가옥터널(하남)
전라북도 무주군,조금재터널
전라북도 무주군,수리재터널
전라북도 무주군,덕지~삼거터널
전라북도 무주군,가옥터널(통영)
전라북도 무주군,가옥터널(하남)
전라북도 무주군,오도재터널(통영)
전라북도 무주군,오도재터널(하남)
전라북도 무주군,적상터널(통영)
전라북도 무주군,적상터널(하남)
전라북도 부안군,중계터널
전라북도 순창군,복흥터널(상)
전라북도 순창군,복흥터널(하)
전라북도 순창군,사실재터널
전라북도 순창군,우치고개지하차도
전라북도 완주군,엄재터널(상)
전라북도 완주군,소양1터널(익산)
전라북도 완주군,소양1터널(장수)
전라북도 완주군,소양2터널(익산)
전라북도 완주군,소양2터널(장수)
전라북도 완주군,상관1터널(익산)
전라북도 완주군,상관1터널(장수)
전라북도 완주군,상관2터널(익산)
전라북도 완주군,상관2터널(장수)
전라북도 완주군,곰티터널(익산)
전라북도 완주군,곰티터널(장수)
전라북도 완주군,용암1터널(순천)
전라북도 완주군,용암1터널(완주)
전라북도 완주군,용암2터널(순천)
전라북도 완주군,용암2터널(완주)
전라북도 완주군,용암3터널(순천)
전라북도 완주군,용암3터널(완주)
전라북도 완주군,용암4터널(순천)
전라북도 완주군,용암4터널(완주)
전라북도 완주군,죽림1터널(순천)
전라북도 완주군,죽림1터널(완주)
전라북도 완주군,죽림2터널(순천)
전라북도 완주군,죽림2터널(완주)
전라북도 완주군,죽림3터널(순천)
전라북도 완주군,죽림3터널(완주)
전라북도 완주군,신리1터널(완주)
전라북도 완주군,신리1터널(순천)
전라북도 완주군,신리2터널(순천)
전라북도 완주군,신리2터널(완주)
전라북도 완주군,신리3터널(완주)
전라북도 완주군,신리3터널(순천)
전라북도 완주군,위봉터널
전라북도 완주군,곰티터널(익산)
전라북도 완주군,곰티터널(장수)
전라북도 완주군,상관1터널(익산)
전라북도 완주군,상관1터널(장수)
전라북도 완주군,상관2터널(익산)
전라북도 완주군,상관2터널(장수)
전라북도 완주군,소양1터널(익산)
전라북도 완주군,소양1터널(장수)
전라북도 완주군,소양2터널(익산)
전라북도 완주군,소양2터널(장수)
전라북도 완주군,신리1터널(순천)
전라북도 완주군,신리1터널(완주)
전라북도 완주군,신리2터널(순천)
전라북도 완주군,신리2터널(완주)
전라북도 완주군,신리3터널(순천)
전라북도 완주군,신리3터널(완주)
전라북도 완주군,용암1터널(순천)
전라북도 완주군,용암1터널(완주)
전라북도 완주군,용암2터널(순천)
전라북도 완주군,용암2터널(완주)
전라북도 완주군,용암3터널(순천)
전라북도 완주군,용암3터널(완주)
전라북도 완주군,용암4터널(순천)
전라북도 완주군,용암4터널(완주)
전라북도 완주군,죽림1터널(순천)
전라북도 완주군,죽림1터널(완주)
전라북도 완주군,죽림2터널(순천)
전라북도 완주군,죽림2터널(완주)
전라북도 완주군,죽림3터널(순천)
전라북도 완주군,죽림3터널(완주)
전라북도 익산시,숭림사생태통로
전라북도 익산시,천호터널
전라북도 익산시,다송1지하도(상)
전라북도 익산시,다송지하차도B
전라북도 익산시,중앙지하차도
전라북도 익산시,하나로 지하차도
전라북도 임실군,계곡터널2
전라북도 임실군,병암지하차도
전라북도 임실군,관촌1터널(순천)
전라북도 임실군,관촌1터널(완주)
전라북도 임실군,관촌2터널(순천)
전라북도 임실군,관촌2터널(완주)
전라북도 임실군,성미터널(완주)
전라북도 임실군,성미터널(순천)
전라북도 임실군,슬치터널(순천)
전라북도 임실군,슬치터널(완주)
전라북도 임실군,오수1터널(순천)
전라북도 임실군,오수1터널(완주)
전라북도 임실군,오수2터널(순천)
전라북도 임실군,오수2터널(완주)
전라북도 임실군,관촌1터널(순천)
전라북도 임실군,관촌1터널(완주)
전라북도 임실군,관촌2터널(순천)
전라북도 임실군,관촌2터널(완주)
전라북도 임실군,성미터널(순천)
전라북도 임실군,성미터널(완주)
전라북도 임실군,슬치터널(순천)
전라북도 임실군,슬치터널(완주)
전라북도 임실군,오수1터널(순천)
전라북도 임실군,오수1터널(완주)
전라북도 임실군,오수2터널(순천)
전라북도 임실군,오수2터널(완주)
전라북도 장수군,지지터널
전라북도 장수군,싸리재지하차도
전라북도 장수군,산동7터널(대구)
전라북도 장수군,산동7터널(광주)
전라북도 장수군,번암1터널(광주)
전라북도 장수군,번암1터널(대구)
전라북도 장수군,번암2터널
전라북도 장수군,사치터널(광주)
전라북도 장수군,사치터널(대구)
전라북도 장수군,장수터널(익산)
전라북도 장수군,장수터널(장수)
전라북도 장수군,오동터널(통영)
전라북도 장수군,오동터널(하남)
전라북도 장수군,집재터널(통영)
전라북도 장수군,집재터널(하남)
전라북도 장수군,당재터널
전라북도 장수군,가재터널
전라북도 장수군,장안터널
전라북도 장수군,번암1터널(광주)
전라북도 장수군,번암1터널(대구)
전라북도 장수군,번암2터널
전라북도 장수군,사치터널(광주)
전라북도 장수군,사치터널(대구)
전라북도 장수군,산동7터널(광주)
전라북도 장수군,산동7터널(대구)
전라북도 장수군,장수터널(익산)
전라북도 장수군,장수터널(장수)
전라북도 장수군,오동터널(통영)
전라북도 장수군,오동터널(하남)
전라북도 장수군,집재터널(통영)
전라북도 장수군,집재터널(하남)
전라북도 전주시 덕진구,안덕원지하차도
전라북도 전주시 덕진구,신미지하차도(상)
전라북도 전주시 덕진구,전미지하차도(상)
전라북도 전주시 덕진구,신미지하차도(하)
전라북도 전주시 덕진구,전미지하차도(하)
전라북도 전주시 덕진구,월드컵지하차도
전라북도 전주시 덕진구,덕진1터널(완주)
전라북도 전주시 덕진구,덕진1터널(순천)
전라북도 전주시 덕진구,덕진2터널(순천)
전라북도 전주시 덕진구,덕진2터널(완주)
전라북도 전주시 덕진구,덕진3터널(순천)
전라북도 전주시 덕진구,덕진3터널(완주)
전라북도 전주시 덕진구,어은터널
전라북도 전주시 덕진구,대학로지하차도
전라북도 전주시 덕진구,덕진1터널(순천)
전라북도 전주시 덕진구,덕진1터널(완주)
전라북도 전주시 덕진구,덕진2터널(순천)
전라북도 전주시 덕진구,덕진2터널(완주)
전라북도 전주시 덕진구,덕진3터널(순천)
전라북도 전주시 덕진구,덕진3터널(완주)
전라북도 전주시 완산구,완산터널(완주)
전라북도 전주시 완산구,완산터널(순천)
전라북도 전주시 완산구,진북터널
전라북도 전주시 완산구,27호광장 지하차도
전라북도 전주시 완산구,완산터널(순천)
전라북도 전주시 완산구,완산터널(완주)
전라북도 정읍시,엄재터널(하)
전라북도 정읍시,칠보터널
전라북도 정읍시,구절초터널
전라북도 정읍시,호남터널(천안)
전라북도 정읍시,호남터널(순천)
전라북도 정읍시,내장산터널
전라북도 정읍시,샘골터널(상)
전라북도 정읍시,샘골터널(하)
전라북도 정읍시,호남터널(순천)
전라북도 정읍시,호남터널(천안)
전라북도 진안군,석정터널
전라북도 진안군,월운터널
전라북도 진안군,금지터널
전라북도 진안군,좌포터널
전라북도 진안군,부귀1터널(익산)
전라북도 진안군,부귀1터널(장수)
전라북도 진안군,부귀2터널(익산)
전라북도 진안군,부귀2터널(장수)
전라북도 진안군,진안1터널(익산)
전라북도 진안군,진안1터널(장수)
전라북도 진안군,진안2터널(익산)
전라북도 진안군,진안2터널(장수)
전라북도 진안군,진안3터널(익산)
전라북도 진안군,진안3터널(장수)
전라북도 진안군,방곡터널(익산)
전라북도 진안군,방곡터널(장수)
전라북도 진안군,모래재터널
전라북도 진안군,염북터널
전라북도 진안군,방곡터널(익산)
전라북도 진안군,방곡터널(장수)
전라북도 진안군,부귀1터널(익산)
전라북도 진안군,부귀1터널(장수)
전라북도 진안군,부귀2터널(익산)
전라북도 진안군,부귀2터널(장수)
전라북도 진안군,진안1터널(익산)
전라북도 진안군,진안1터널(장수)
전라북도 진안군,진안2터널(익산)
전라북도 진안군,진안2터널(장수)
전라북도 진안군,진안3터널(익산)
전라북도 진안군,진안3터널(장수)
충청남도 공주시,갑사터널
충청남도 공주시,정우터널(논산)
충청남도 공주시,정우터널(천안)
충청남도 공주시,차령터널(천안)
충청남도 공주시,차동터널(당진)
충청남도 공주시,신영터널(대전)
충청남도 공주시,신영터널(당진)
충청남도 공주시,화흥터널(당진)
충청남도 공주시,화흥터널(대전)
충청남도 공주시,해월터널(대전)
충청남도 공주시,해월터널(당진)
충청남도 공주시,호계터널(대전)
충청남도 공주시,호계터널(당진)
충청남도 공주시,공주터널(옥룡)
충청남도 공주시,공주터널(금학)
충청남도 공주시,정지산터널
충청남도 공주시,우금티터널
충청남도 공주시,조평터널
충청남도 공주시,정우터널(논산)
충청남도 공주시,정우터널(천안)
충청남도 공주시,차령터널(천안)
충청남도 공주시,신영터널(당진)
충청남도 공주시,신영터널(대전)
충청남도 공주시,차동터널(당진)
충청남도 공주시,해월터널(당진)
충청남도 공주시,해월터널(대전)
충청남도 공주시,호계터널(당진)
충청남도 공주시,호계터널(대전)
충청남도 공주시,화흥터널(당진)
충청남도 공주시,화흥터널(대전)
충청남도 금산군,인삼터널
충청남도 금산군,샛고개터널(상)
충청남도 금산군,샛고개터널(하)
충청남도 금산군,신대터널
충청남도 금산군,마달터널(통영)
충청남도 금산군,마달터널(하남)
충청남도 금산군,마달터널(통영)
충청남도 금산군,마달터널(하남)
충청남도 논산시,덕목터널
충청남도 논산시,고정산터널
충청남도 논산시,물한재터널
충청남도 당진시,해창터널
충청남도 당진시,가곡지하차도
충청남도 당진시,동곡지하차도
충청남도 당진시,고대지하차도
충청남도 당진시,왜목터널
충청남도 보령시,웅천터널(목포)
충청남도 보령시,웅천터널(서울)
충청남도 보령시,청라터널
충청남도 보령시,웅천터널(목포)
충청남도 보령시,웅천터널(서울)
충청남도 부여군,덕림터널
충청남도 부여군,가덕터널(공주)
충청남도 부여군,가덕터널(서천)
충청남도 부여군,부여2터널(공주)
충청남도 부여군,부여2터널(서천)
충청남도 부여군,부여1터널(공주)
충청남도 부여군,부여1터널(서천)
충청남도 부여군,가덕터널(공주)
충청남도 부여군,가덕터널(서천)
충청남도 부여군,부여1터널(공주)
충청남도 부여군,부여1터널(서천)
충청남도 부여군,부여2터널(공주)
충청남도 부여군,부여2터널(서천)
충청남도 서산시,고풍터널
충청남도 서산시,운산터널(목포)
충청남도 서산시,운산터널(서울)
충청남도 서산시,운산터널(목포)
충청남도 서산시,운산터널(서울)
충청남도 서천군,종천터널(목포)
충청남도 서천군,종천터널(서울)
충청남도 서천군,비인터널(목포)
충청남도 서천군,비인터널(서울)
충청남도 서천군,서천터널(공주)
충청남도 서천군,서천터널(서천)
충청남도 서천군,비인터널(목포)
충청남도 서천군,비인터널(서울)
충청남도 서천군,종천터널(목포)
충청남도 서천군,종천터널(서울)
충청남도 서천군,서천터널(공주)
충청남도 서천군,서천터널(서천)
충청남도 아산시,세교지하차도(상)
충청남도 아산시,장재지하차도
충청남도 아산시,세교지하차도(하)
충청남도 아산시,송용지하차도
충청남도 아산시,남동지하차도
충청남도 아산시,남산터널
충청남도 예산군,내포지하차도
충청남도 예산군,봉산터널
충청남도 예산군,대흥터널(당진)
충청남도 예산군,대흥터널(대전)
충청남도 예산군,차동터널(대전)
충청남도 예산군,금오터널
충청남도 예산군,예산터널 상행
충청남도 예산군,예산터널 하행
충청남도 예산군,대흥터널(당진)
충청남도 예산군,대흥터널(대전)
충청남도 예산군,차동터널(대전)
충청남도 천안시 동남구,곡두터널
충청남도 천안시 동남구,천안로 지하차도
충청남도 천안시 동남구,신방지하차도(상)
충청남도 천안시 동남구,신방지하차도(하)
충청남도 천안시 동남구,차령터널(논산)
충청남도 천안시 동남구,천안지하도
충청남도 천안시 동남구,나들목 지하차도
충청남도 천안시 동남구,천안터널(두정방향)
충청남도 천안시 동남구,차령터널(논산)
충청남도 천안시 서북구,두정지하차도
충청남도 천안시 서북구,모시리지하차도
충청남도 천안시 서북구,북부지하차도
충청남도 천안시 서북구,성성지하차도
충청남도 천안시 서북구,쌍용지하도
충청남도 천안시 서북구,판정지하차도
충청남도 천안시 서북구,번영로지하차도
충청남도 천안시 서북구,천안터널(천안IC방향)
충청남도 천안시 서북구,봉서산터널
충청남도 천안시 서북구,불당터널
충청남도 청양군,낙지터널
충청남도 청양군,앵봉터널(공주)
충청남도 청양군,앵봉터널(서천)
충청남도 청양군,대치터널
충청남도 청양군,마재터널
충청남도 청양군,앵봉터널(공주)
충청남도 청양군,앵봉터널(서천)
충청남도 홍성군,홍북터널
충청남도 홍성군,임해터널
충청북도 괴산군,송면터널
충청북도 괴산군,치재터널
충청북도 괴산군,연풍터널(창원)
충청북도 괴산군,연풍터널(양평)
충청북도 괴산군,장연터널(창원)
충청북도 괴산군,장연터널(양평)
충청북도 괴산군,추점터널(창원)
충청북도 괴산군,추점터널(양평)
충청북도 괴산군,조곡터널(양평)
충청북도 괴산군,조곡터널(창원)
충청북도 괴산군,문경새재터널(창원)
충청북도 괴산군,문경새재터널(창원)
충청북도 괴산군,연풍터널(양평)
충청북도 괴산군,연풍터널(창원)
충청북도 괴산군,장연터널(양평)
충청북도 괴산군,장연터널(창원)
충청북도 괴산군,조곡터널(양평)
충청북도 괴산군,조곡터널(창원)
충청북도 괴산군,추점터널(양평)
충청북도 괴산군,추점터널(창원)
충청북도 단양군,단양지하차도
충청북도 단양군,단양터널(부산)
충청북도 단양군,단양터널(춘천)
충청북도 단양군,현곡터널(춘천)
충청북도 단양군,현곡터널(부산)
충청북도 단양군,적성터널(부산)
충청북도 단양군,적성터널(춘천)
충청북도 단양군,제천터널(부산)
충청북도 단양군,제천터널(춘천)
충청북도 단양군,상진터널
충청북도 단양군,천주터널
충청북도 단양군,애곡터널Ⅲ
충청북도 단양군,하진터널
충청북도 단양군,삼봉2터널
충청북도 단양군,도담삼봉터널
충청북도 단양군,애곡터널
충청북도 단양군,피암터널
충청북도 단양군,단양터널(부산)
충청북도 단양군,단양터널(춘천)
충청북도 단양군,적성터널(부산)
충청북도 단양군,적성터널(춘천)
충청북도 단양군,제천터널(부산)
충청북도 단양군,제천터널(춘천)
충청북도 단양군,현곡터널(부산)
충청북도 단양군,현곡터널(춘천)
충청북도 보은군,삼가터널
충청북도 보은군,갈목터널
충청북도 보은군,회인터널(청주)
충청북도 보은군,회인터널(영덕)
충청북도 보은군,수리티터널(영덕)
충청북도 보은군,수리티터널(청주)
충청북도 보은군,수한터널(영덕)
충청북도 보은군,수한터널(청주)
충청북도 보은군,탄부터널(영덕)
충청북도 보은군,탄부터널(청주)
충청북도 보은군,수리티터널(영덕)
충청북도 보은군,수리티터널(청주)
충청북도 보은군,수한터널(영덕)
충청북도 보은군,수한터널(청주)
충청북도 보은군,탄부터널(영덕)
충청북도 보은군,탄부터널(청주)
충청북도 보은군,회인터널(영덕)
충청북도 보은군,회인터널(청주)
충청북도 영동군,황간터널(부산)
충청북도 영동군,황간터널(서울)
충청북도 영동군,영동3터널(부산)
충청북도 영동군,영동3터널(서울)
충청북도 영동군,영동2터널(서울)
충청북도 영동군,영동2터널(부산)
충청북도 영동군,영동1터널(부산)
충청북도 영동군,영동1터널(서울)
충청북도 영동군,영동터널(부산)
충청북도 영동군,영동1터널(부산)
충청북도 영동군,영동1터널(서울)
충청북도 영동군,영동2터널(부산)
충청북도 영동군,영동2터널(서울)
충청북도 영동군,영동3터널(부산)
충청북도 영동군,영동3터널(서울)
충청북도 영동군,황간터널(부산)
충청북도 영동군,황간터널(서울)
충청북도 옥천군,옥천4터널(부산)
충청북도 옥천군,옥천4터널(서울)
충청북도 옥천군,옥천3터널(부산)
충청북도 옥천군,옥천3터널(서울)
충청북도 옥천군,옥천2터널(부산)
충청북도 옥천군,옥천2터널(서울)
충청북도 옥천군,옥천1터널(부산)
충청북도 옥천군,옥천1터널(서울)
충청북도 옥천군,삼양터널(부산)
충청북도 옥천군,삼양터널(서울)
충청북도 옥천군,가화지하도
충청북도 옥천군,옥천터널(하)
충청북도 옥천군,옥천터널(상)
충청북도 옥천군,증약터널(상)
충청북도 옥천군,증약터널(하)
충청북도 옥천군,삼양터널(부산)
충청북도 옥천군,삼양터널(서울)
충청북도 옥천군,옥천1터널(부산)
충청북도 옥천군,옥천1터널(서울)
충청북도 옥천군,옥천2터널(부산)
충청북도 옥천군,옥천2터널(서울)
충청북도 옥천군,옥천3터널(부산)
충청북도 옥천군,옥천3터널(서울)
충청북도 옥천군,옥천4터널(부산)
충청북도 옥천군,옥천4터널(서울)
충청북도 음성군,마송지하차도
충청북도 음성군,수리산터널(제천)
충청북도 음성군,수리산터널(평택)
충청북도 음성군,수리산터널(제천)
충청북도 음성군,수리산터널(평택)
충청북도 제천시,영천지하차도
충청북도 제천시,고명지하차도
충청북도 제천시,금성터널(제천)
충청북도 제천시,금성터널(평택)
충청북도 제천시,금성터널(제천)
충청북도 제천시,금성터널(평택)
충청북도 증평군,벼루재터널
충청북도 진천군,중리지하차도
충청북도 진천군,진천터널(하남)
충청북도 진천군,진천터널(남이)
충청북도 진천군,진천터널(남이)
충청북도 진천군,진천터널(하남)
충청북도 청원군,문의1터널(영덕)
충청북도 청원군,문의1터널(청주)
충청북도 청원군,문의2터널(영덕)
충청북도 청원군,문의2터널(청주)
충청북도 청원군,피반령터널(청주)
충청북도 청원군,피반령터널(영덕)
충청북도 청원군,문의1터널(영덕)
충청북도 청원군,문의1터널(청주)
충청북도 청원군,문의2터널(영덕)
충청북도 청원군,문의2터널(청주)
충청북도 청원군,피반령터널(영덕)
충청북도 청원군,피반령터널(청주)
충청북도 청주시 상당구,대청터널
충청북도 청주시 상당구,문의터널
충청북도 청주시 상당구,산성1터널(미원)
충청북도 청주시 상당구,산성1터널(청주)
충청북도 청주시 상당구,산성2터널(미원)
충청북도 청주시 상당구,산성2터널(청주)
충청북도 청주시 상당구,용암지하차도
충청북도 청주시 서원구,매봉지하차도(하행)
충청북도 청주시 서원구,매봉지하차도(상행)
충청북도 청주시 서원구,구룡터널
충청북도 청주시 서원구,성화터널
충청북도 청주시 청원구,오창지하차도
충청북도 청주시 청원구,학소지하차도
충청북도 청주시 청원구,묵방지하차도
충청북도 청주시 청원구,오동지하차도
충청북도 청주시 청원구,내거지하차도
충청북도 청주시 청원구,학평지하차도
충청북도 청주시 청원구,상리터널(하)
충청북도 청주시 청원구,상리터널(상)
충청북도 청주시 청원구,우암산터널
충청북도 청주시 흥덕구,궁평2지하차도
충청북도 청주시 흥덕구,중부지하차도
충청북도 청주시 흥덕구,터미널 지하차도
충청북도 청주시 흥덕구,오송바이오폴리스지하차도
충청북도 청주시 흥덕구,궁평지하차도
충청북도 청주시 흥덕구,병마산터널(상행)-천안방향
충청북도 청주시 흥덕구,병마산터널(하행)-오창방향
충청북도 충주시,신니터널(제천)
충청북도 충주시,신니터널(평택)
충청북도 충주시,노은1터널(제천)
충청북도 충주시,노은1터널(평택)
충청북도 충주시,노은2터널(제천)
충청북도 충주시,노은2터널(평택)
충청북도 충주시,노은3터널(제천)
충청북도 충주시,노은3터널(평택)
충청북도 충주시,노은4터널(제천)
충청북도 충주시,노은4터널(평택)
충청북도 충주시,중앙탑터널(제천)
충청북도 충주시,중앙탑터널(평택)
충청북도 충주시,산척1터널(제천)
충청북도 충주시,산척1터널(평택)
충청북도 충주시,산척2터널(제천)
충청북도 충주시,산척2터널(평택)
충청북도 충주시,천등산1터널(제천)
충청북도 충주시,천등산1터널(평택)
충청북도 충주시,천등산2터널(제천)
충청북도 충주시,천등산3터널(제천)
충청북도 충주시,천등산3터널(평택)
충청북도 충주시,산척3터널(제천)
충청북도 충주시,산척3터널(평택)
충청북도 충주시,산척4터널(제천)
충청북도 충주시,산척4터널(평택)
충청북도 충주시,매현2터널(창원)
충청북도 충주시,매현2터널(양평)
충청북도 충주시,매현1터널(창원)
충청북도 충주시,매현1터널(양평)
충청북도 충주시,탄용터널(창원)
충청북도 충주시,탄용터널(양평)
충청북도 충주시,두정터널(창원)
충청북도 충주시,두정터널(양평)
충청북도 충주시,장고개터널(창원)
충청북도 충주시,장고개터널(양평)
충청북도 충주시,만정터널(창원)
충청북도 충주시,만정터널(양평)
충청북도 충주시,용전터널(양평)
충청북도 충주시,용전터널(창원)
충청북도 충주시,중원터널(양평)
충청북도 충주시,중원터널(창원)
충청북도 충주시,달천지하차도
충청북도 충주시,노은1터널(제천)
충청북도 충주시,노은1터널(평택)
충청북도 충주시,노은2터널(제천)
충청북도 충주시,노은2터널(평택)
충청북도 충주시,노은3터널(제천)
충청북도 충주시,노은3터널(평택)
충청북도 충주시,노은4터널(제천)
충청북도 충주시,노은4터널(평택)
충청북도 충주시,산척1터널(제천)
충청북도 충주시,산척1터널(평택)
충청북도 충주시,산척2터널(제천)
충청북도 충주시,산척2터널(평택)
충청북도 충주시,산척3터널(제천)
충청북도 충주시,산척3터널(평택)
충청북도 충주시,산척4터널(제천)
충청북도 충주시,산척4터널(평택)
충청북도 충주시,신니터널(제천)
충청북도 충주시,신니터널(평택)
충청북도 충주시,중앙탑터널(제천)
충청북도 충주시,중앙탑터널(평택)
충청북도 충주시,천등산1터널(제천)
충청북도 충주시,천등산1터널(평택)
충청북도 충주시,천등산2터널(제천)
충청북도 충주시,천등산3터널(제천)
충청북도 충주시,천등산3터널(평택)
충청북도 충주시,두정터널(양평)
충청북도 충주시,두정터널(창원)
충청북도 충주시,만정터널(양평)
충청북도 충주시,만정터널(창원)
충청북도 충주시,매현1터널(양평)
충청북도 충주시,매현1터널(창원)
충청북도 충주시,매현2터널(양평)
충청북도 충주시,매현2터널(창원)
충청북도 충주시,용전터널(양평)
충청북도 충주시,용전터널(창원)
충청북도 충주시,장고개터널(양평)
충청북도 충주시,장고개터널(창원)
충청북도 충주시,중원터널(양평)
충청북도 충주시,중원터널(창원)
충청북도 충주시,탄용터널(양평)
충청북도 충주시,탄용터널(창원)